time,value
2024-06-27T09:29:49.28168642Z,{"lat":11.106388754143003,"lon":106.61302822328209}
2024-06-27T09:29:50.299862492Z,{"lat":11.106388754143003,"lon":106.61302822328209}
2024-06-27T09:29:51.373445153Z,{"lat":11.106388754143003,"lon":106.61302822328209}
2024-06-27T09:29:52.39498582Z,{"lat":11.106388754143003,"lon":106.61302822328209}
2024-06-27T09:29:53.407850094Z,{"lat":11.106388754143003,"lon":106.61302822328209}
2024-06-27T09:29:54.411644376Z,{"lat":11.106388754143003,"lon":106.61302822328209}
2024-06-27T09:29:55.457655164Z,{"lat":11.106318051439075,"lon":106.61302394280276}
2024-06-27T09:29:56.441397674Z,{"lat":11.106304160563596,"lon":106.61302292461245}
2024-06-27T09:29:57.488270966Z,{"lat":11.106304160563596,"lon":106.61302292461245}
2024-06-27T09:29:58.50838282Z,{"lat":11.106304160563596,"lon":106.61302292461245}
2024-06-27T09:29:59.514055848Z,{"lat":11.106304160563596,"lon":106.61302292461245}
2024-06-27T09:30:00.527688033Z,{"lat":11.106304160563596,"lon":106.61302292461245}
2024-06-27T09:30:01.534763441Z,{"lat":11.106304160563596,"lon":106.61302292461245}
2024-06-27T09:30:02.562916771Z,{"lat":11.106304160563596,"lon":106.61302292461245}
2024-06-27T09:30:03.776053025Z,{"lat":11.106304160563596,"lon":106.61302292461245}
2024-06-27T09:59:51.514893008Z,{"lat":11.105818074957028,"lon":106.6015986512092}
2024-06-27T10:00:04.077968637Z,{"lat":11.105818074957028,"lon":106.6015986512092}
2024-06-27T10:00:05.428675058Z,{"lat":11.106049134937773,"lon":106.6017988188045}
2024-06-27T10:00:06.456581997Z,{"lat":11.106056312868882,"lon":106.6017967966638}
2024-06-27T10:00:07.481206707Z,{"lat":11.106048584666109,"lon":106.60179118976788}
2024-06-27T10:00:08.482876231Z,{"lat":11.106047046512632,"lon":106.60179489202108}
2024-06-27T10:00:09.479980533Z,{"lat":11.106045010634908,"lon":106.60179722347335}
2024-06-27T10:00:10.506140554Z,{"lat":11.10604436828353,"lon":106.60179434504215}
2024-06-27T10:00:11.529603838Z,{"lat":11.10604501063471,"lon":106.60179722347335}
2024-06-27T10:00:12.549186662Z,{"lat":11.106043835845416,"lon":106.60179773264662}
2024-06-27T10:00:13.562573163Z,{"lat":11.106035436417635,"lon":106.60180241999927}
2024-06-27T10:00:14.532974291Z,{"lat":11.106029675547532,"lon":106.60180825140614}
2024-06-27T10:00:15.569760837Z,{"lat":11.106027438376337,"lon":106.60181616376282}
2024-06-27T10:00:16.827899657Z,{"lat":11.106027273156643,"lon":106.60181910193678}
2024-06-27T10:00:17.856320639Z,{"lat":11.10602698162239,"lon":106.60180842059778}
2024-06-27T10:00:18.89306558Z,{"lat":11.10602867355628,"lon":106.60179952735257}
2024-06-27T10:00:19.879835671Z,{"lat":11.106029929921542,"lon":106.60179833671074}
2024-06-27T10:00:20.909860045Z,{"lat":11.106030144946175,"lon":106.60180089078113}
2024-06-27T10:00:21.918223399Z,{"lat":11.106024467496326,"lon":106.60181103148129}
2024-06-27T10:00:22.91485373Z,{"lat":11.106017325347437,"lon":106.6018024834451}
2024-06-27T10:00:23.959448404Z,{"lat":11.106009579922791,"lon":106.60179727016255}
2024-06-27T10:00:24.969834089Z,{"lat":11.106011596128221,"lon":106.6017969401837}
2024-06-27T10:00:25.990027671Z,{"lat":11.106020687973801,"lon":106.6017931888222}
2024-06-27T10:00:27.009926148Z,{"lat":11.106026140635528,"lon":106.60180017440003}
2024-06-27T10:00:28.029671011Z,{"lat":11.106023849045602,"lon":106.60180689999616}
2024-06-27T10:00:29.045143826Z,{"lat":11.106022048808695,"lon":106.60180129901391}
2024-06-27T10:00:30.070506423Z,{"lat":11.106019331880274,"lon":106.60179638324315}
2024-06-27T10:00:31.074010062Z,{"lat":11.106019646325302,"lon":106.60180037403242}
2024-06-27T10:00:32.103688074Z,{"lat":11.106019071222855,"lon":106.60179928581825}
2024-06-27T10:00:33.10640359Z,{"lat":11.106017878791297,"lon":106.60179986225499}
2024-06-27T10:00:34.104459926Z,{"lat":11.106017458326841,"lon":106.60179995646807}
2024-06-27T10:00:35.135651877Z,{"lat":11.106020506109703,"lon":106.60179903064925}
2024-06-27T10:00:36.146868345Z,{"lat":11.106023960107596,"lon":106.60179890013596}
2024-06-27T10:00:37.220060063Z,{"lat":11.10602613662526,"lon":106.60180043776231}
2024-06-27T10:00:38.17414543Z,{"lat":11.106025534886143,"lon":106.6017977359648}
2024-06-27T10:00:39.218912476Z,{"lat":11.106026517420545,"lon":106.60179584708746}
2024-06-27T10:00:40.231009952Z,{"lat":11.106026493025173,"lon":106.6017927660061}
2024-06-27T10:00:41.268814949Z,{"lat":11.106027087038468,"lon":106.60179319499645}
2024-06-27T10:00:42.260185487Z,{"lat":11.10603111418526,"lon":106.60179533799646}
2024-06-27T10:00:43.276921943Z,{"lat":11.106030931655,"lon":106.60179500260958}
2024-06-27T10:00:44.29604833Z,{"lat":11.106029113445647,"lon":106.60179754948183}
2024-06-27T10:00:45.312865366Z,{"lat":11.10602721497686,"lon":106.60179681957898}
2024-06-27T10:00:46.312022363Z,{"lat":11.106033902405994,"lon":106.60178638134057}
2024-06-27T10:00:47.340600501Z,{"lat":11.10602048143308,"lon":106.60176750784002}
2024-06-27T10:00:48.356392175Z,{"lat":11.106000169025423,"lon":106.60174215810603}
2024-06-27T10:00:49.365964183Z,{"lat":11.105980688804088,"lon":106.60171517098321}
2024-06-27T10:00:50.386321692Z,{"lat":11.105962443658402,"lon":106.60170310565066}
2024-06-27T10:00:51.404910015Z,{"lat":11.105937577905362,"lon":106.60169488569613}
2024-06-27T10:00:52.406681223Z,{"lat":11.105910437183907,"lon":106.60168925984097}
2024-06-27T10:00:53.428431308Z,{"lat":11.10587651412184,"lon":106.60168313319936}
2024-06-27T10:00:54.423382193Z,{"lat":11.10583325189759,"lon":106.60167593832185}
2024-06-27T10:00:55.457935805Z,{"lat":11.10578150873355,"lon":106.60167313306569}
2024-06-27T10:00:56.466543227Z,{"lat":11.10571939582921,"lon":106.60167092570164}
2024-06-27T10:00:57.473446752Z,{"lat":11.105645048266352,"lon":106.60166944343152}
2024-06-27T10:00:58.513268672Z,{"lat":11.105566612355322,"lon":106.60167785016213}
2024-06-27T10:00:59.505158597Z,{"lat":11.105488228926314,"lon":106.60169635536631}
2024-06-27T10:01:00.53448076Z,{"lat":11.10540926346822,"lon":106.60171668647003}
2024-06-27T10:01:01.556594425Z,{"lat":11.10532739027689,"lon":106.60174399318812}
2024-06-27T10:01:02.575145477Z,{"lat":11.105241478726317,"lon":106.60177230944556}
2024-06-27T10:01:03.58557821Z,{"lat":11.10515377471678,"lon":106.6018048343627}
2024-06-27T10:01:04.605472581Z,{"lat":11.105060386154202,"lon":106.60184662580573}
2024-06-27T10:01:05.626388993Z,{"lat":11.104965660265115,"lon":106.60188602633919}
2024-06-27T10:01:06.635630036Z,{"lat":11.104871161853152,"lon":106.60192006976759}
2024-06-27T10:01:07.659097552Z,{"lat":11.104775403429011,"lon":106.60195802565673}
2024-06-27T10:01:08.665235901Z,{"lat":11.104685779334966,"lon":106.6019960177245}
2024-06-27T10:01:09.695702107Z,{"lat":11.104598384693093,"lon":106.602031644584}
2024-06-27T10:01:10.705454474Z,{"lat":11.104508375242565,"lon":106.6020649895749}
2024-06-27T10:01:11.717741945Z,{"lat":11.104421197159704,"lon":106.60209959208215}
2024-06-27T10:01:12.750301897Z,{"lat":11.104342172958052,"lon":106.60213269630212}
2024-06-27T10:01:13.783660804Z,{"lat":11.104255510001668,"lon":106.60216504402626}
2024-06-27T10:01:14.788171221Z,{"lat":11.10416807053545,"lon":106.60219623414544}
2024-06-27T10:01:15.784845509Z,{"lat":11.104079651544167,"lon":106.60223005257961}
2024-06-27T10:01:16.811892168Z,{"lat":11.103994246442648,"lon":106.60225324830346}
2024-06-27T10:01:17.815161527Z,{"lat":11.10390609939354,"lon":106.60228357331994}
2024-06-27T10:01:18.831719503Z,{"lat":11.10381678178174,"lon":106.60231867999923}
2024-06-27T10:01:19.85243079Z,{"lat":11.103740708193477,"lon":106.60236244793231}
2024-06-27T10:01:20.888569296Z,{"lat":11.103657715628353,"lon":106.60239444961321}
2024-06-27T10:01:21.880075354Z,{"lat":11.103572255592834,"lon":106.60242716378814}
2024-06-27T10:01:22.906574679Z,{"lat":11.103491330407921,"lon":106.60245831844017}
2024-06-27T10:01:23.916628998Z,{"lat":11.103404145688335,"lon":106.60249225338778}
2024-06-27T10:01:24.990154545Z,{"lat":11.103313000402824,"lon":106.6025277299211}
2024-06-27T10:01:25.961705845Z,{"lat":11.103217597872817,"lon":106.60256300863841}
2024-06-27T10:01:26.985142057Z,{"lat":11.103127795639491,"lon":106.60259706326956}
2024-06-27T10:01:27.986439704Z,{"lat":11.103035602133799,"lon":106.60263200105788}
2024-06-27T10:01:29.022541603Z,{"lat":11.102937058603587,"lon":106.6026686260403}
2024-06-27T10:01:30.020990863Z,{"lat":11.102840583469533,"lon":106.60270510468504}
2024-06-27T10:01:31.016071064Z,{"lat":11.10274941442621,"lon":106.60273970492149}
2024-06-27T10:01:32.033526538Z,{"lat":11.10265202781519,"lon":106.60277664053592}
2024-06-27T10:01:33.053543465Z,{"lat":11.102557301641191,"lon":106.60281237372202}
2024-06-27T10:01:34.074080478Z,{"lat":11.1024588898988,"lon":106.60284949720284}
2024-06-27T10:01:35.088076621Z,{"lat":11.102360735422016,"lon":106.60288680009877}
2024-06-27T10:01:36.097217312Z,{"lat":11.102261289752875,"lon":106.60292474559438}
2024-06-27T10:01:37.14126675Z,{"lat":11.10216564837977,"lon":106.60296123948399}
2024-06-27T10:01:38.14202408Z,{"lat":11.102066840587211,"lon":106.60299748649706}
2024-06-27T10:01:39.158428331Z,{"lat":11.101967438638003,"lon":106.60303429533616}
2024-06-27T10:01:40.169236245Z,{"lat":11.101868046989743,"lon":106.60307243834254}
2024-06-27T10:01:41.168418228Z,{"lat":11.101769543999321,"lon":106.60310946808978}
2024-06-27T10:01:42.192140993Z,{"lat":11.101668827301825,"lon":106.60314681689367}
2024-06-27T10:01:43.202049711Z,{"lat":11.101563015917314,"lon":106.6031866035134}
2024-06-27T10:01:44.204896491Z,{"lat":11.101461177724572,"lon":106.60322492984183}
2024-06-27T10:01:45.222217548Z,{"lat":11.101363970095342,"lon":106.6032615287778}
2024-06-27T10:01:46.217188508Z,{"lat":11.10127025058267,"lon":106.60329637627123}
2024-06-27T10:01:47.237034271Z,{"lat":11.101167675968092,"lon":106.60333483659218}
2024-06-27T10:01:48.252257101Z,{"lat":11.101070857069644,"lon":106.60337213064959}
2024-06-27T10:01:49.271881696Z,{"lat":11.100969639832476,"lon":106.60340796890641}
2024-06-27T10:01:50.281830105Z,{"lat":11.10086741784709,"lon":106.60343907076762}
2024-06-27T10:01:51.302093523Z,{"lat":11.100765546710397,"lon":106.6034723610685}
2024-06-27T10:01:52.301983965Z,{"lat":11.100659322017439,"lon":106.60350780526396}
2024-06-27T10:01:53.335332153Z,{"lat":11.100456528869293,"lon":106.6035819732553}
2024-06-27T10:01:54.332686045Z,{"lat":11.100355429853595,"lon":106.60362326875808}
2024-06-27T10:01:55.372133108Z,{"lat":11.100252902682586,"lon":106.60365699691098}
2024-06-27T10:01:56.381727797Z,{"lat":11.100153447204264,"lon":106.60369442339318}
2024-06-27T10:01:57.402430196Z,{"lat":11.100050643489705,"lon":106.60373363626042}
2024-06-27T10:01:58.422014634Z,{"lat":11.09994344073179,"lon":106.60377600659939}
2024-06-27T10:01:59.429140981Z,{"lat":11.099842677006455,"lon":106.60381395070196}
2024-06-27T10:02:00.44918993Z,{"lat":11.099735508128498,"lon":106.60385214042978}
2024-06-27T10:02:01.451161504Z,{"lat":11.099628461581496,"lon":106.60389107653963}
2024-06-27T10:02:02.482061324Z,{"lat":11.099521846223197,"lon":106.60392904333618}
2024-06-27T10:02:03.502249343Z,{"lat":11.099416228352512,"lon":106.6039672474956}
2024-06-27T10:02:04.514281147Z,{"lat":11.09931361817623,"lon":106.60402602919123}
2024-06-27T10:02:05.54007891Z,{"lat":11.099206989183024,"lon":106.6040651614678}
2024-06-27T10:02:06.552010286Z,{"lat":11.099096598082667,"lon":106.6041068779944}
2024-06-27T10:02:07.559371744Z,{"lat":11.098984971869614,"lon":106.60414881302844}
2024-06-27T10:02:08.578914538Z,{"lat":11.098877618324252,"lon":106.60418872638078}
2024-06-27T10:02:09.599835579Z,{"lat":11.098766430797516,"lon":106.60422946700453}
2024-06-27T10:02:10.616063773Z,{"lat":11.098657661267138,"lon":106.60427107022905}
2024-06-27T10:02:11.613022816Z,{"lat":11.098546493260192,"lon":106.60431187038336}
2024-06-27T10:02:12.64896325Z,{"lat":11.098442136697443,"lon":106.60434997039641}
2024-06-27T10:02:13.669453429Z,{"lat":11.09833937534438,"lon":106.60438741501046}
2024-06-27T10:02:14.664379171Z,{"lat":11.098237465538144,"lon":106.6044258825052}
2024-06-27T10:02:15.692207183Z,{"lat":11.098132872956327,"lon":106.60446416193538}
2024-06-27T10:02:16.719114316Z,{"lat":11.098036086972266,"lon":106.60450119796329}
2024-06-27T10:02:17.714058858Z,{"lat":11.097946943118464,"lon":106.60453442599307}
2024-06-27T10:02:18.749916045Z,{"lat":11.097855152013029,"lon":106.60457121563844}
2024-06-27T10:02:19.783155319Z,{"lat":11.09775984475057,"lon":106.60460621608465}
2024-06-27T10:02:20.773581828Z,{"lat":11.097669137778105,"lon":106.60464076096582}
2024-06-27T10:02:21.79793016Z,{"lat":11.09757637694459,"lon":106.60467446906367}
2024-06-27T10:02:22.821049594Z,{"lat":11.097481572322426,"lon":106.60470800689924}
2024-06-27T10:02:23.796781434Z,{"lat":11.097376614793184,"lon":106.60474283973282}
2024-06-27T10:02:24.828231796Z,{"lat":11.097274066568756,"lon":106.60477800190796}
2024-06-27T10:02:25.849310886Z,{"lat":11.097171241897312,"lon":106.60481224191078}
2024-06-27T10:02:26.869178099Z,{"lat":11.097064200612015,"lon":106.60484889616444}
2024-06-27T10:02:27.878694218Z,{"lat":11.096958235451966,"lon":106.60488642176274}
2024-06-27T10:02:28.899151985Z,{"lat":11.096850639560214,"lon":106.60492664207868}
2024-06-27T10:02:29.919152071Z,{"lat":11.096744089762993,"lon":106.60496412887763}
2024-06-27T10:02:30.929216723Z,{"lat":11.09665095086298,"lon":106.6049947915196}
2024-06-27T10:02:31.949260832Z,{"lat":11.096553987048202,"lon":106.60501693503747}
2024-06-27T10:02:32.959130176Z,{"lat":11.096456713362295,"lon":106.60504937024186}
2024-06-27T10:02:33.97939948Z,{"lat":11.096361384494253,"lon":106.60508115670699}
2024-06-27T10:02:34.999091711Z,{"lat":11.096269145635324,"lon":106.6051119128451}
2024-06-27T10:02:36.010552016Z,{"lat":11.096174102083635,"lon":106.6051436144207}
2024-06-27T10:02:37.029336595Z,{"lat":11.096079963094972,"lon":106.60517502586968}
2024-06-27T10:02:38.04363444Z,{"lat":11.095981624335263,"lon":106.60520783865755}
2024-06-27T10:02:39.069431273Z,{"lat":11.095892987478225,"lon":106.60523741406816}
2024-06-27T10:02:40.075902321Z,{"lat":11.095808228255246,"lon":106.60528750476686}
2024-06-27T10:02:41.090942727Z,{"lat":11.09571706415931,"lon":106.60532167082097}
2024-06-27T10:02:42.118482646Z,{"lat":11.095621353273925,"lon":106.60535578961313}
2024-06-27T10:02:43.131744604Z,{"lat":11.095521432974682,"lon":106.60537731478989}
2024-06-27T10:02:44.156540679Z,{"lat":11.095425906216267,"lon":106.60541290077008}
2024-06-27T10:02:45.169377869Z,{"lat":11.09533099608966,"lon":106.60544818150764}
2024-06-27T10:02:46.186540705Z,{"lat":11.09523936171597,"lon":106.6054822546138}
2024-06-27T10:02:47.199388764Z,{"lat":11.095148373472313,"lon":106.60551618417551}
2024-06-27T10:02:48.198478996Z,{"lat":11.09506081201426,"lon":106.60556630065504}
2024-06-27T10:02:49.196249661Z,{"lat":11.094969952880824,"lon":106.6055984448549}
2024-06-27T10:02:50.234675319Z,{"lat":11.094873797993738,"lon":106.60563203993958}
2024-06-27T10:02:51.244990181Z,{"lat":11.09478261653203,"lon":106.60566232417992}
2024-06-27T10:02:52.246040105Z,{"lat":11.094690651323134,"lon":106.60569818665371}
2024-06-27T10:02:53.246028896Z,{"lat":11.094602643995753,"lon":106.60573235498019}
2024-06-27T10:02:54.275020538Z,{"lat":11.094508034676979,"lon":106.6057648035912}
2024-06-27T10:02:55.2988366Z,{"lat":11.094418695329978,"lon":106.60580262769729}
2024-06-27T10:02:56.318842034Z,{"lat":11.09432918626044,"lon":106.6058385217541}
2024-06-27T10:02:57.323471194Z,{"lat":11.094140006530315,"lon":106.60589217443693}
2024-06-27T10:02:58.356704382Z,{"lat":11.09405053630232,"lon":106.60594333689241}
2024-06-27T10:02:59.363634634Z,{"lat":11.093951309144508,"lon":106.605959784729}
2024-06-27T10:03:00.391162267Z,{"lat":11.093864834493042,"lon":106.60598879964115}
2024-06-27T10:03:01.401309654Z,{"lat":11.093774340795413,"lon":106.60602122687942}
2024-06-27T10:03:02.429532912Z,{"lat":11.09368433841197,"lon":106.6060570068492}
2024-06-27T10:03:03.433390366Z,{"lat":11.093596771017806,"lon":106.6060947791332}
2024-06-27T10:03:04.442672956Z,{"lat":11.093503113518254,"lon":106.6061346251258}
2024-06-27T10:03:05.464902067Z,{"lat":11.093404945592718,"lon":106.60617106059837}
2024-06-27T10:03:06.474466349Z,{"lat":11.09331744078914,"lon":106.60620585469152}
2024-06-27T10:03:07.494344585Z,{"lat":11.09322617690894,"lon":106.60623598592198}
2024-06-27T10:03:08.512654507Z,{"lat":11.093139285042714,"lon":106.6062676953958}
2024-06-27T10:03:09.516613945Z,{"lat":11.093048820204,"lon":106.60630457432924}
2024-06-27T10:03:10.544330504Z,{"lat":11.09295654135474,"lon":106.6063342180867}
2024-06-27T10:03:11.573315232Z,{"lat":11.092860263808767,"lon":106.6063765741721}
2024-06-27T10:03:12.568597578Z,{"lat":11.09276938357306,"lon":106.60640678454835}
2024-06-27T10:03:13.599748807Z,{"lat":11.092671828592357,"lon":106.60644903284425}
2024-06-27T10:03:14.594748737Z,{"lat":11.092575093694123,"lon":106.60648881615835}
2024-06-27T10:03:15.614704971Z,{"lat":11.09248023924193,"lon":106.60652371861126}
2024-06-27T10:03:16.644463233Z,{"lat":11.092391427383165,"lon":106.60655963727939}
2024-06-27T10:03:17.665378452Z,{"lat":11.092298555322449,"lon":106.60659326156669}
2024-06-27T10:03:18.679503006Z,{"lat":11.09220612587256,"lon":106.60665529790204}
2024-06-27T10:03:19.67963943Z,{"lat":11.09210686484603,"lon":106.60669324869119}
2024-06-27T10:03:20.725120188Z,{"lat":11.092016649008793,"lon":106.60672655843268}
2024-06-27T10:03:21.718101764Z,{"lat":11.09192528793854,"lon":106.60676157454247}
2024-06-27T10:03:22.753702658Z,{"lat":11.091839834457074,"lon":106.60679486616677}
2024-06-27T10:03:23.762499726Z,{"lat":11.091758607237601,"lon":106.60682716564175}
2024-06-27T10:03:24.769707576Z,{"lat":11.091686570315106,"lon":106.60685826634969}
2024-06-27T10:03:25.800426488Z,{"lat":11.091627191374553,"lon":106.6068845022372}
2024-06-27T10:03:26.821458261Z,{"lat":11.09156773535064,"lon":106.60690387479336}
2024-06-27T10:03:27.83376108Z,{"lat":11.091517563220386,"lon":106.6069226214173}
2024-06-27T10:03:28.830428935Z,{"lat":11.091477020539937,"lon":106.60693631758106}
2024-06-27T10:03:29.844712798Z,{"lat":11.091435034231667,"lon":106.60695075773575}
2024-06-27T10:03:30.857324355Z,{"lat":11.09138362159348,"lon":106.60696894535207}
2024-06-27T10:03:31.876782788Z,{"lat":11.091334547278526,"lon":106.60698649215118}
2024-06-27T10:03:32.898668559Z,{"lat":11.0912861995454,"lon":106.60700294699268}
2024-06-27T10:03:33.912604628Z,{"lat":11.091244792018413,"lon":106.60701744083303}
2024-06-27T10:03:34.917230866Z,{"lat":11.091219230067864,"lon":106.60704370657434}
2024-06-27T10:03:35.941938999Z,{"lat":11.091270608339519,"lon":106.60725130404366}
2024-06-27T10:03:36.967579444Z,{"lat":11.091285995720536,"lon":106.6073199597594}
2024-06-27T10:03:37.978994966Z,{"lat":11.091311736865476,"lon":106.60738735249114}
2024-06-27T10:03:38.992459829Z,{"lat":11.091344294322617,"lon":106.60747248517036}
2024-06-27T10:03:40.010225386Z,{"lat":11.091377053045454,"lon":106.60756579743878}
2024-06-27T10:03:41.032628895Z,{"lat":11.091407794875009,"lon":106.60765367821872}
2024-06-27T10:03:42.042569853Z,{"lat":11.091441044661728,"lon":106.60774804679788}
2024-06-27T10:03:43.064933228Z,{"lat":11.091475072507873,"lon":106.60784750683487}
2024-06-27T10:03:44.082897622Z,{"lat":11.091509456588444,"lon":106.60795395506956}
2024-06-27T10:03:45.108702116Z,{"lat":11.09154142633369,"lon":106.60806192053246}
2024-06-27T10:03:46.123421787Z,{"lat":11.091578321255362,"lon":106.60817600582773}
2024-06-27T10:03:47.128487744Z,{"lat":11.09161646418096,"lon":106.60829352216719}
2024-06-27T10:03:48.134115941Z,{"lat":11.091652818321887,"lon":106.6084129670081}
2024-06-27T10:03:49.163331557Z,{"lat":11.091690544579425,"lon":106.60853009735064}
2024-06-27T10:03:50.183747431Z,{"lat":11.091737813730413,"lon":106.60864993486136}
2024-06-27T10:03:51.194018576Z,{"lat":11.09178490786429,"lon":106.60876853703321}
2024-06-27T10:03:52.220222343Z,{"lat":11.091827287550622,"lon":106.6088904493234}
2024-06-27T10:03:53.230554392Z,{"lat":11.091862558796924,"lon":106.60900929299598}
2024-06-27T10:03:54.253281953Z,{"lat":11.091902938886037,"lon":106.60912427037627}
2024-06-27T10:03:55.264839772Z,{"lat":11.09194319080716,"lon":106.60924119023667}
2024-06-27T10:03:56.267787659Z,{"lat":11.091987946712736,"lon":106.60935538277265}
2024-06-27T10:03:57.288304362Z,{"lat":11.09202708748963,"lon":106.60946662510486}
2024-06-27T10:03:58.304697277Z,{"lat":11.092069847315885,"lon":106.60957331689052}
2024-06-27T10:03:59.314491735Z,{"lat":11.092111170709861,"lon":106.60968825473097}
2024-06-27T10:04:00.332866231Z,{"lat":11.092190866403577,"lon":106.60991579112748}
2024-06-27T10:04:01.341909128Z,{"lat":11.092236221801302,"lon":106.61003148016016}
2024-06-27T10:04:02.347617562Z,{"lat":11.09227571690912,"lon":106.6101489971984}
2024-06-27T10:04:03.380503607Z,{"lat":11.092318041890874,"lon":106.61025987878753}
2024-06-27T10:04:04.420218844Z,{"lat":11.09235503742747,"lon":106.61037374977866}
2024-06-27T10:04:05.409125485Z,{"lat":11.092393409388464,"lon":106.61048203923139}
2024-06-27T10:04:06.435034724Z,{"lat":11.092433741226815,"lon":106.61058650319372}
2024-06-27T10:04:07.439642292Z,{"lat":11.092466187711553,"lon":106.61068989114698}
2024-06-27T10:04:08.45921451Z,{"lat":11.092497975825,"lon":106.6107902481967}
2024-06-27T10:04:09.476014929Z,{"lat":11.092535173418932,"lon":106.61089244473831}
2024-06-27T10:04:10.485438348Z,{"lat":11.092578867764262,"lon":106.6109978785648}
2024-06-27T10:04:11.52196017Z,{"lat":11.092624427012712,"lon":106.61110388006387}
2024-06-27T10:04:12.499655101Z,{"lat":11.092667147890083,"lon":106.61120945264592}
2024-06-27T10:04:13.547328195Z,{"lat":11.092703436428915,"lon":106.611310818279}
2024-06-27T10:04:14.546479505Z,{"lat":11.092736570590118,"lon":106.61142080616149}
2024-06-27T10:04:15.558331448Z,{"lat":11.09278840053258,"lon":106.61151707457633}
2024-06-27T10:04:16.582762753Z,{"lat":11.092828917999242,"lon":106.61162343377252}
2024-06-27T10:04:17.601136746Z,{"lat":11.092868903817532,"lon":106.61172835761515}
2024-06-27T10:04:18.616292062Z,{"lat":11.092909732421788,"lon":106.61183549245595}
2024-06-27T10:04:19.626485591Z,{"lat":11.092932510848776,"lon":106.61195324603054}
2024-06-27T10:04:20.646395475Z,{"lat":11.092970256334596,"lon":106.61205632808115}
2024-06-27T10:04:21.647610515Z,{"lat":11.093010150963622,"lon":106.61216610623875}
2024-06-27T10:04:22.676746698Z,{"lat":11.093046303632683,"lon":106.6122788031969}
2024-06-27T10:04:23.685992143Z,{"lat":11.093089842083959,"lon":106.61238611749036}
2024-06-27T10:04:24.69118996Z,{"lat":11.093125827331683,"lon":106.61249268628264}
2024-06-27T10:04:25.729584418Z,{"lat":11.09318205214621,"lon":106.61259596975866}
2024-06-27T10:04:26.749835967Z,{"lat":11.09321509647856,"lon":106.61270102158234}
2024-06-27T10:04:27.755706455Z,{"lat":11.093251768949639,"lon":106.6128064861902}
2024-06-27T10:04:28.755613106Z,{"lat":11.093289423705647,"lon":106.61290895856327}
2024-06-27T10:04:29.788480443Z,{"lat":11.093323807115326,"lon":106.61300708775987}
2024-06-27T10:04:30.789290214Z,{"lat":11.093358885739526,"lon":106.61310447125807}
2024-06-27T10:04:31.790294154Z,{"lat":11.093394465054152,"lon":106.61320414785335}
2024-06-27T10:04:32.825030081Z,{"lat":11.093433480535065,"lon":106.61331069963117}
2024-06-27T10:04:33.845265712Z,{"lat":11.09346774715466,"lon":106.6134219885857}
2024-06-27T10:04:34.843386583Z,{"lat":11.093509010334909,"lon":106.6135293173974}
2024-06-27T10:04:35.875493148Z,{"lat":11.093545545787748,"lon":106.6136375286257}
2024-06-27T10:04:36.89834089Z,{"lat":11.093584862467234,"lon":106.61374623182274}
2024-06-27T10:04:37.905911957Z,{"lat":11.093620883550766,"lon":106.61385503092484}
2024-06-27T10:04:38.925505706Z,{"lat":11.093659296595563,"lon":106.61396346323345}
2024-06-27T10:04:39.945792808Z,{"lat":11.093698325803201,"lon":106.61407616358308}
2024-06-27T10:04:40.965054804Z,{"lat":11.093737605403321,"lon":106.61419156030891}
2024-06-27T10:04:41.975501551Z,{"lat":11.093777604149508,"lon":106.61430310465968}
2024-06-27T10:04:42.995158172Z,{"lat":11.093814953106603,"lon":106.61442045872764}
2024-06-27T10:04:44.018632593Z,{"lat":11.093855991398625,"lon":106.61453703786106}
2024-06-27T10:04:45.010703211Z,{"lat":11.093897380767036,"lon":106.61465329526123}
2024-06-27T10:04:46.045268891Z,{"lat":11.093937845049453,"lon":106.61477306338784}
2024-06-27T10:04:47.055397734Z,{"lat":11.093980797487827,"lon":106.61488769987507}
2024-06-27T10:04:48.058938906Z,{"lat":11.094022535556153,"lon":106.61501067340765}
2024-06-27T10:04:49.100237843Z,{"lat":11.094061524703394,"lon":106.61513207363491}
2024-06-27T10:04:50.105089955Z,{"lat":11.094124101444052,"lon":106.61524233043365}
2024-06-27T10:04:51.110257828Z,{"lat":11.094163050447536,"lon":106.61536363704037}
2024-06-27T10:04:52.148311357Z,{"lat":11.094205386033039,"lon":106.61547752452688}
2024-06-27T10:04:53.16659145Z,{"lat":11.094244764025024,"lon":106.61559290165432}
2024-06-27T10:04:54.160346419Z,{"lat":11.094287304296502,"lon":106.61571088795245}
2024-06-27T10:04:55.195407567Z,{"lat":11.094329005740661,"lon":106.61582870751853}
2024-06-27T10:04:56.212941629Z,{"lat":11.094370791176756,"lon":106.61594377837845}
2024-06-27T10:04:57.234394905Z,{"lat":11.094413565356465,"lon":106.61606045332462}
2024-06-27T10:04:58.24569109Z,{"lat":11.094453452189763,"lon":106.61617949501637}
2024-06-27T10:04:59.263506012Z,{"lat":11.094518964284049,"lon":106.61628478875936}
2024-06-27T10:05:00.274994248Z,{"lat":11.094560800876332,"lon":106.61640328030131}
2024-06-27T10:05:01.295806909Z,{"lat":11.09460284827358,"lon":106.61652461166076}
2024-06-27T10:05:02.305261531Z,{"lat":11.094644355168905,"lon":106.61664341091057}
2024-06-27T10:05:03.338915352Z,{"lat":11.094727406604147,"lon":106.61687786479716}
2024-06-27T10:05:04.377344633Z,{"lat":11.094767109159811,"lon":106.61699529438592}
2024-06-27T10:05:05.339260251Z,{"lat":11.094810591712116,"lon":106.61711780608944}
2024-06-27T10:05:06.371407184Z,{"lat":11.094855721668873,"lon":106.6172324490734}
2024-06-27T10:05:07.386407692Z,{"lat":11.09490002253199,"lon":106.61734974740064}
2024-06-27T10:05:08.406065869Z,{"lat":11.094942007528534,"lon":106.61746193065561}
2024-06-27T10:05:09.406127277Z,{"lat":11.094984738481982,"lon":106.61757704236177}
2024-06-27T10:05:10.449257824Z,{"lat":11.095027008345843,"lon":106.61770115429529}
2024-06-27T10:05:11.43950388Z,{"lat":11.095089087229185,"lon":106.61781803889501}
2024-06-27T10:05:12.466498644Z,{"lat":11.095135070462021,"lon":106.61794266370917}
2024-06-27T10:05:13.496672552Z,{"lat":11.095182235737603,"lon":106.61806717004289}
2024-06-27T10:05:14.486446251Z,{"lat":11.095231132275611,"lon":106.618197726247}
2024-06-27T10:05:15.497561003Z,{"lat":11.095278969931204,"lon":106.61832416845319}
2024-06-27T10:05:16.526167176Z,{"lat":11.095313500638795,"lon":106.61846271834006}
2024-06-27T10:05:17.536390484Z,{"lat":11.095362250268488,"lon":106.6185934941002}
2024-06-27T10:05:18.536354528Z,{"lat":11.095426532674026,"lon":106.61871723009912}
2024-06-27T10:05:19.576222825Z,{"lat":11.095476017359646,"lon":106.61885040108757}
2024-06-27T10:05:20.586289885Z,{"lat":11.095526496194532,"lon":106.618983886196}
2024-06-27T10:05:21.606439936Z,{"lat":11.09557461345267,"lon":106.61911940022789}
2024-06-27T10:05:22.626063313Z,{"lat":11.0956246458681,"lon":106.61924054214727}
2024-06-27T10:05:23.650151145Z,{"lat":11.095674317565921,"lon":106.61936173966714}
2024-06-27T10:05:24.640266453Z,{"lat":11.0957226974648,"lon":106.61948236019198}
2024-06-27T10:05:25.672168018Z,{"lat":11.095763952141768,"lon":106.61960485651794}
2024-06-27T10:05:26.70899373Z,{"lat":11.09580327191354,"lon":106.61972439261243}
2024-06-27T10:05:27.713969591Z,{"lat":11.095840372358007,"lon":106.61984532693911}
2024-06-27T10:05:28.724621712Z,{"lat":11.095883223028725,"lon":106.61996361473908}
2024-06-27T10:05:29.736640069Z,{"lat":11.095922964256738,"lon":106.62008218810286}
2024-06-27T10:05:30.75641093Z,{"lat":11.095985841658162,"lon":106.62018062891151}
2024-06-27T10:05:31.776177499Z,{"lat":11.0960242537462,"lon":106.62029091005034}
2024-06-27T10:05:32.789516244Z,{"lat":11.096058533867916,"lon":106.6203990561883}
2024-06-27T10:05:33.806551974Z,{"lat":11.096093723601168,"lon":106.62050617059946}
2024-06-27T10:05:34.821609252Z,{"lat":11.09613068678897,"lon":106.62061314798002}
2024-06-27T10:05:35.822205583Z,{"lat":11.09617330473506,"lon":106.62071532450267}
2024-06-27T10:05:36.860028951Z,{"lat":11.096213141237559,"lon":106.62082012956799}
2024-06-27T10:05:37.876099257Z,{"lat":11.096251877024766,"lon":106.62092293526358}
2024-06-27T10:05:38.892680726Z,{"lat":11.096284895134588,"lon":106.62102359950912}
2024-06-27T10:05:39.903332992Z,{"lat":11.096315851291674,"lon":106.62111957076988}
2024-06-27T10:05:40.922924415Z,{"lat":11.096347513219825,"lon":106.62121392235728}
2024-06-27T10:05:41.933675869Z,{"lat":11.096378275982044,"lon":106.62130866114727}
2024-06-27T10:05:42.95460406Z,{"lat":11.096423450634735,"lon":106.62140056498991}
2024-06-27T10:05:43.976386001Z,{"lat":11.096458451058659,"lon":106.62148038026844}
2024-06-27T10:05:44.987208189Z,{"lat":11.096487689789127,"lon":106.62157041925192}
2024-06-27T10:05:46.004691011Z,{"lat":11.096517655332581,"lon":106.62166466865487}
2024-06-27T10:05:47.081653148Z,{"lat":11.096551073737437,"lon":106.62175792381875}
2024-06-27T10:05:48.04538135Z,{"lat":11.096583955626148,"lon":106.62185730116043}
2024-06-27T10:05:49.061522279Z,{"lat":11.096617716083687,"lon":106.62195564022835}
2024-06-27T10:05:50.081349428Z,{"lat":11.096651062581765,"lon":106.62204984940311}
2024-06-27T10:05:51.091981692Z,{"lat":11.096683770607141,"lon":106.62214689172075}
2024-06-27T10:05:52.11187174Z,{"lat":11.096716889577968,"lon":106.62223938900384}
2024-06-27T10:05:53.128213535Z,{"lat":11.096772077018331,"lon":106.62231886152394}
2024-06-27T10:05:54.138486556Z,{"lat":11.096804268751,"lon":106.62241205122201}
2024-06-27T10:05:55.144531613Z,{"lat":11.09683467554927,"lon":106.62250100444132}
2024-06-27T10:05:56.18656067Z,{"lat":11.09686190075023,"lon":106.62258675124254}
2024-06-27T10:05:57.188206452Z,{"lat":11.096891898446353,"lon":106.6226815220515}
2024-06-27T10:05:58.213030751Z,{"lat":11.096921955519887,"lon":106.622778752731}
2024-06-27T10:05:59.231896472Z,{"lat":11.096954591016736,"lon":106.62287677572036}
2024-06-27T10:06:00.238423583Z,{"lat":11.096987321477556,"lon":106.62297507930656}
2024-06-27T10:06:01.261497121Z,{"lat":11.097044296610306,"lon":106.6230654712941}
2024-06-27T10:06:02.281746964Z,{"lat":11.097079542825831,"lon":106.62316595274125}
2024-06-27T10:06:03.288084447Z,{"lat":11.097115053997225,"lon":106.6232695208721}
2024-06-27T10:06:04.320250722Z,{"lat":11.09714921334511,"lon":106.62337226114026}
2024-06-27T10:06:05.306175709Z,{"lat":11.09721793796602,"lon":106.62359044102638}
2024-06-27T10:06:06.342589601Z,{"lat":11.097249799190173,"lon":106.62369535730707}
2024-06-27T10:06:07.526263571Z,{"lat":11.097278332521604,"lon":106.62380029572896}
2024-06-27T10:06:08.394640679Z,{"lat":11.097302671853154,"lon":106.62389919886651}
2024-06-27T10:06:09.391736649Z,{"lat":11.097349520485805,"lon":106.62399201968248}
2024-06-27T10:06:10.408354159Z,{"lat":11.097364447191023,"lon":106.62409357768739}
2024-06-27T10:06:11.418738453Z,{"lat":11.09736905264088,"lon":106.62419576577408}
2024-06-27T10:06:12.4384921Z,{"lat":11.09736972724114,"lon":106.62430298698487}
2024-06-27T10:06:13.460067572Z,{"lat":11.097362924566449,"lon":106.6244071048248}
2024-06-27T10:06:14.455457789Z,{"lat":11.09735489586721,"lon":106.6245105717971}
2024-06-27T10:06:15.490260329Z,{"lat":11.097377264806834,"lon":106.62462133227682}
2024-06-27T10:06:16.500322297Z,{"lat":11.097375778820705,"lon":106.62471206937376}
2024-06-27T10:06:17.522233007Z,{"lat":11.097371996944805,"lon":106.62479629513109}
2024-06-27T10:06:18.54241758Z,{"lat":11.097367210014207,"lon":106.62487581406667}
2024-06-27T10:06:19.535688308Z,{"lat":11.097357913424501,"lon":106.62495075527667}
2024-06-27T10:06:20.572355585Z,{"lat":11.09737542352189,"lon":106.62502568780452}
2024-06-27T10:06:21.572143681Z,{"lat":11.09737114311184,"lon":106.62509883979878}
2024-06-27T10:06:22.612382378Z,{"lat":11.097365005563777,"lon":106.6251703655307}
2024-06-27T10:06:23.622317097Z,{"lat":11.097364693248327,"lon":106.62524490565987}
2024-06-27T10:06:24.647188936Z,{"lat":11.09735836437018,"lon":106.62532010800153}
2024-06-27T10:06:25.652820116Z,{"lat":11.097376441680929,"lon":106.62539240934704}
2024-06-27T10:06:26.650752404Z,{"lat":11.097373358013169,"lon":106.62545517159394}
2024-06-27T10:06:27.682411387Z,{"lat":11.097370838075989,"lon":106.62551801132797}
2024-06-27T10:06:28.702651397Z,{"lat":11.097369587882438,"lon":106.6255852668912}
2024-06-27T10:06:29.722429081Z,{"lat":11.097366169575071,"lon":106.6256595616926}
2024-06-27T10:06:30.742223826Z,{"lat":11.09736303704661,"lon":106.62573372471674}
2024-06-27T10:06:31.752074358Z,{"lat":11.097363434861814,"lon":106.62581746354377}
2024-06-27T10:06:32.772564572Z,{"lat":11.097360331790554,"lon":106.62590285745426}
2024-06-27T10:06:33.79232896Z,{"lat":11.097357620174552,"lon":106.62599695648652}
2024-06-27T10:06:34.782670211Z,{"lat":11.097352165571287,"lon":106.62609424464516}
2024-06-27T10:06:35.822692584Z,{"lat":11.097346394679015,"lon":106.6261895940758}
2024-06-27T10:06:36.842300872Z,{"lat":11.097344637736388,"lon":106.62629081434669}
2024-06-27T10:06:37.852745031Z,{"lat":11.097362815910873,"lon":106.62640260414585}
2024-06-27T10:06:38.872445737Z,{"lat":11.097359371708237,"lon":106.62651089403717}
2024-06-27T10:06:39.920239285Z,{"lat":11.097354363752093,"lon":106.62662033143489}
2024-06-27T10:06:40.902756071Z,{"lat":11.097349749153393,"lon":106.6267303959154}
2024-06-27T10:06:41.922549435Z,{"lat":11.097344963636704,"lon":106.62684702764898}
2024-06-27T10:06:42.940567309Z,{"lat":11.097339074060647,"lon":106.62695963612326}
2024-06-27T10:06:43.961395924Z,{"lat":11.097332726194466,"lon":106.62707466779135}
2024-06-27T10:06:44.956789627Z,{"lat":11.097326901964905,"lon":106.62719411554491}
2024-06-27T10:06:45.983650735Z,{"lat":11.097320318206535,"lon":106.62731169755867}
2024-06-27T10:06:47.010598718Z,{"lat":11.097316788303214,"lon":106.62742614764727}
2024-06-27T10:06:48.001979702Z,{"lat":11.097337955514275,"lon":106.62753942378389}
2024-06-27T10:06:49.02717737Z,{"lat":11.097333625198562,"lon":106.62764770977657}
2024-06-27T10:06:50.051621429Z,{"lat":11.09732772732797,"lon":106.62775841770288}
2024-06-27T10:06:51.049899058Z,{"lat":11.097320812250192,"lon":106.6278733089599}
2024-06-27T10:06:52.071482239Z,{"lat":11.09731490274371,"lon":106.62798837422434}
2024-06-27T10:06:53.084960758Z,{"lat":11.09730574213693,"lon":106.62810083135848}
2024-06-27T10:06:54.105212544Z,{"lat":11.0973024809468,"lon":106.62821369744779}
2024-06-27T10:06:55.123891567Z,{"lat":11.097297950964995,"lon":106.62833514430031}
2024-06-27T10:06:56.151840892Z,{"lat":11.097293380973332,"lon":106.62845183295778}
2024-06-27T10:06:57.171629923Z,{"lat":11.097288246200199,"lon":106.6285699284986}
2024-06-27T10:06:58.192338636Z,{"lat":11.097309981724807,"lon":106.62869393565876}
2024-06-27T10:06:59.202667469Z,{"lat":11.097307741405352,"lon":106.62881298817953}
2024-06-27T10:07:00.217757955Z,{"lat":11.097303658270231,"lon":106.62893898865738}
2024-06-27T10:07:01.215954169Z,{"lat":11.097299207902912,"lon":106.62905940164953}
2024-06-27T10:07:02.251876117Z,{"lat":11.097296003339908,"lon":106.62918274288924}
2024-06-27T10:07:03.275176097Z,{"lat":11.097289484270672,"lon":106.62930392802183}
2024-06-27T10:07:04.291755434Z,{"lat":11.097284075360246,"lon":106.62942125469891}
2024-06-27T10:07:05.284937414Z,{"lat":11.097284246120415,"lon":106.62954243865231}
2024-06-27T10:07:06.358906642Z,{"lat":11.097280660435157,"lon":106.62965499276028}
2024-06-27T10:07:07.341699943Z,{"lat":11.097274511251067,"lon":106.62988673560618}
2024-06-27T10:07:08.352436249Z,{"lat":11.097274223019472,"lon":106.62999742803915}
2024-06-27T10:07:09.372493455Z,{"lat":11.097270950731767,"lon":106.63010764965267}
2024-06-27T10:07:10.381537465Z,{"lat":11.09727233715177,"lon":106.63021519352216}
2024-06-27T10:07:11.405989795Z,{"lat":11.097275063795335,"lon":106.63031997266972}
2024-06-27T10:07:12.421614659Z,{"lat":11.097274867433825,"lon":106.63042258542903}
2024-06-27T10:07:13.442005703Z,{"lat":11.09727281308721,"lon":106.63052842823669}
2024-06-27T10:07:14.456845576Z,{"lat":11.097269073130148,"lon":106.63063998648872}
2024-06-27T10:07:15.457503476Z,{"lat":11.097266890543262,"lon":106.63075939106439}
2024-06-27T10:07:16.492666253Z,{"lat":11.097261267733847,"lon":106.63087603922035}
2024-06-27T10:07:17.501792405Z,{"lat":11.097254413768997,"lon":106.63099262320402}
2024-06-27T10:07:18.525247824Z,{"lat":11.097253285973787,"lon":106.63111487951778}
2024-06-27T10:07:19.515726062Z,{"lat":11.097253840614988,"lon":106.63123686919523}
2024-06-27T10:07:20.551975676Z,{"lat":11.09725434380847,"lon":106.63135923619765}
2024-06-27T10:07:21.577008417Z,{"lat":11.097253433125104,"lon":106.63148474828952}
2024-06-27T10:07:22.591788832Z,{"lat":11.097249239043688,"lon":106.63160600837291}
2024-06-27T10:07:23.601387745Z,{"lat":11.09724628857034,"lon":106.63172553017553}
2024-06-27T10:07:24.595028413Z,{"lat":11.097239341256921,"lon":106.63184026964461}
2024-06-27T10:07:25.637308189Z,{"lat":11.09723627931315,"lon":106.63195491981617}
2024-06-27T10:07:26.651639007Z,{"lat":11.097261093913357,"lon":106.63207324268191}
2024-06-27T10:07:27.650088474Z,{"lat":11.097259096286487,"lon":106.63218328159942}
2024-06-27T10:07:28.666775603Z,{"lat":11.097259697694355,"lon":106.63229472209231}
2024-06-27T10:07:29.701820399Z,{"lat":11.097260770250527,"lon":106.63240762153718}
2024-06-27T10:07:30.726801682Z,{"lat":11.097259755029391,"lon":106.63252072361077}
2024-06-27T10:07:31.735598893Z,{"lat":11.097259780780378,"lon":106.63263539993679}
2024-06-27T10:07:32.751939568Z,{"lat":11.097257380589479,"lon":106.63274820387942}
2024-06-27T10:07:33.751842922Z,{"lat":11.097253661504872,"lon":106.63285816762115}
2024-06-27T10:07:34.771686917Z,{"lat":11.097251876626927,"lon":106.63296453038592}
2024-06-27T10:07:35.791909544Z,{"lat":11.097250174536274,"lon":106.63306760768565}
2024-06-27T10:07:36.801424404Z,{"lat":11.097244684852202,"lon":106.63316527507673}
2024-06-27T10:07:37.799975576Z,{"lat":11.097241990729978,"lon":106.63326547914286}
2024-06-27T10:07:38.867014263Z,{"lat":11.097239285425688,"lon":106.63336389958833}
2024-06-27T10:07:39.849053559Z,{"lat":11.09723747636786,"lon":106.63346658548907}
2024-06-27T10:07:40.862969564Z,{"lat":11.097235196994989,"lon":106.63357456127991}
2024-06-27T10:07:41.881802041Z,{"lat":11.09723114191284,"lon":106.63368403689992}
2024-06-27T10:07:42.90995794Z,{"lat":11.097228321489577,"lon":106.63379418997047}
2024-06-27T10:07:43.935046Z,{"lat":11.09722755834859,"lon":106.63391034600447}
2024-06-27T10:07:44.918027375Z,{"lat":11.097225478648063,"lon":106.63402587552262}
2024-06-27T10:07:45.971094463Z,{"lat":11.097224099144855,"lon":106.63414298641067}
2024-06-27T10:07:46.965146236Z,{"lat":11.097223392487198,"lon":106.63425895823136}
2024-06-27T10:07:47.984816187Z,{"lat":11.097218860259726,"lon":106.63437577473753}
2024-06-27T10:07:49.00489494Z,{"lat":11.09721471578556,"lon":106.63449697299781}
2024-06-27T10:07:50.009915994Z,{"lat":11.097212066596855,"lon":106.63461583382811}
2024-06-27T10:07:51.029929977Z,{"lat":11.097207991658582,"lon":106.63473474298816}
2024-06-27T10:07:52.059825674Z,{"lat":11.097204085035155,"lon":106.6348544317604}
2024-06-27T10:07:53.064790667Z,{"lat":11.097213637926993,"lon":106.63497053084895}
2024-06-27T10:07:54.085008109Z,{"lat":11.097212608029619,"lon":106.63508807711277}
2024-06-27T10:07:55.078345649Z,{"lat":11.097211519925217,"lon":106.63521226728437}
2024-06-27T10:07:56.106178431Z,{"lat":11.097210487325208,"lon":106.63533012303867}
2024-06-27T10:07:57.129852563Z,{"lat":11.097209429514956,"lon":106.63545085562501}
2024-06-27T10:07:58.140750432Z,{"lat":11.097208358530027,"lon":106.63557309139667}
2024-06-27T10:07:59.164828969Z,{"lat":11.097207306300724,"lon":106.63569318712814}
2024-06-27T10:08:00.184564957Z,{"lat":11.097189874241245,"lon":106.6358142859977}
2024-06-27T10:08:01.204415591Z,{"lat":11.097203474026713,"lon":106.63593501737843}
2024-06-27T10:08:02.214618229Z,{"lat":11.097206377829629,"lon":106.63605208524524}
2024-06-27T10:08:03.250697746Z,{"lat":11.097208568809085,"lon":106.63615808826736}
2024-06-27T10:08:04.254370831Z,{"lat":11.097209629067882,"lon":106.6362630018083}
2024-06-27T10:08:05.252846497Z,{"lat":11.097211266742576,"lon":106.63636311357983}
2024-06-27T10:08:06.280321461Z,{"lat":11.097214915564093,"lon":106.6364550387987}
2024-06-27T10:08:07.305312502Z,{"lat":11.097211836278252,"lon":106.63654174593526}
2024-06-27T10:08:08.31495426Z,{"lat":11.097209745055242,"lon":106.6366259825827}
2024-06-27T10:08:09.335417945Z,{"lat":11.097202578448524,"lon":106.63677570432965}
2024-06-27T10:08:10.35458294Z,{"lat":11.097203745888416,"lon":106.63685514362504}
2024-06-27T10:08:11.354529959Z,{"lat":11.097201031439178,"lon":106.63693674181376}
2024-06-27T10:08:12.364609637Z,{"lat":11.097198362853087,"lon":106.63702846572326}
2024-06-27T10:08:13.392839256Z,{"lat":11.097194502364237,"lon":106.63711891840708}
2024-06-27T10:08:14.415733698Z,{"lat":11.097190561245469,"lon":106.6372099812802}
2024-06-27T10:08:15.410018356Z,{"lat":11.097187034532913,"lon":106.63730373193256}
2024-06-27T10:08:16.447608607Z,{"lat":11.097182859679721,"lon":106.63739740745213}
2024-06-27T10:08:17.444884991Z,{"lat":11.097179903612671,"lon":106.63749202622158}
2024-06-27T10:08:18.450627133Z,{"lat":11.097182916989224,"lon":106.63759086792808}
2024-06-27T10:08:19.48460193Z,{"lat":11.09718431082456,"lon":106.63769870920393}
2024-06-27T10:08:20.505878152Z,{"lat":11.097180579134461,"lon":106.63780289379214}
2024-06-27T10:08:21.479091329Z,{"lat":11.097181512873652,"lon":106.63791504807499}
2024-06-27T10:08:22.519397498Z,{"lat":11.09717956364561,"lon":106.63802015592873}
2024-06-27T10:08:23.542652671Z,{"lat":11.097179726380439,"lon":106.63813094405467}
2024-06-27T10:08:24.554461357Z,{"lat":11.09717484298027,"lon":106.63824136974367}
2024-06-27T10:08:25.560309106Z,{"lat":11.097169327270741,"lon":106.63834483025276}
2024-06-27T10:08:26.579907512Z,{"lat":11.097167903138116,"lon":106.63845248780414}
2024-06-27T10:08:27.604808376Z,{"lat":11.097165873031916,"lon":106.63856161581839}
2024-06-27T10:08:28.614626635Z,{"lat":11.097194683393397,"lon":106.63867669024047}
2024-06-27T10:08:29.634578025Z,{"lat":11.097192856984215,"lon":106.63878769996562}
2024-06-27T10:08:30.654517508Z,{"lat":11.097190796332963,"lon":106.63889542185609}
2024-06-27T10:08:31.664746869Z,{"lat":11.097188752876901,"lon":106.63900741294732}
2024-06-27T10:08:32.684387412Z,{"lat":11.09718637941308,"lon":106.63912019656479}
2024-06-27T10:08:33.734119724Z,{"lat":11.09718538329537,"lon":106.6392300546631}
2024-06-27T10:08:34.722766869Z,{"lat":11.097184542105216,"lon":106.6393382532602}
2024-06-27T10:08:35.736822681Z,{"lat":11.097182260859823,"lon":106.6394417189467}
2024-06-27T10:08:36.752683338Z,{"lat":11.097176313456885,"lon":106.63954688646926}
2024-06-27T10:08:37.762963823Z,{"lat":11.09716861875304,"lon":106.63965673888654}
2024-06-27T10:08:38.806610738Z,{"lat":11.09716445677488,"lon":106.63974557483174}
2024-06-27T10:08:39.810697893Z,{"lat":11.09716256094296,"lon":106.63983015658808}
2024-06-27T10:08:40.820704537Z,{"lat":11.097165663340048,"lon":106.6399169485832}
2024-06-27T10:08:41.832752209Z,{"lat":11.097165870543702,"lon":106.64000150443542}
2024-06-27T10:08:42.852916435Z,{"lat":11.097163734488756,"lon":106.64009246780863}
2024-06-27T10:08:43.857933073Z,{"lat":11.097165403247853,"lon":106.64019082238421}
2024-06-27T10:08:44.880484445Z,{"lat":11.097160695370325,"lon":106.6402893692421}
2024-06-27T10:08:45.910696409Z,{"lat":11.097157272895291,"lon":106.64038877666056}
2024-06-27T10:08:46.912561404Z,{"lat":11.097151796536252,"lon":106.64048343503177}
2024-06-27T10:08:47.933076679Z,{"lat":11.097145982959228,"lon":106.64057784964444}
2024-06-27T10:08:48.92570296Z,{"lat":11.097145963156592,"lon":106.64068056111168}
2024-06-27T10:08:49.962886845Z,{"lat":11.09714627086753,"lon":106.64077369774283}
2024-06-27T10:08:50.978119953Z,{"lat":11.097144739881752,"lon":106.64085830001551}
2024-06-27T10:08:51.992808577Z,{"lat":11.097157567166558,"lon":106.6409348674488}
2024-06-27T10:08:53.014184327Z,{"lat":11.097157401917636,"lon":106.64100960824912}
2024-06-27T10:08:54.032530947Z,{"lat":11.097157242016337,"lon":106.6410819318371}
2024-06-27T10:08:55.028255075Z,{"lat":11.097157105670693,"lon":106.64114360074899}
2024-06-27T10:08:56.047771439Z,{"lat":11.097156983741844,"lon":106.64119874875118}
2024-06-27T10:08:57.078125155Z,{"lat":11.09715688128899,"lon":106.64124508777128}
2024-06-27T10:08:58.100884807Z,{"lat":11.097156787547526,"lon":106.64128748696388}
2024-06-27T10:08:59.120594176Z,{"lat":11.097156713292511,"lon":106.64132107189974}
2024-06-27T10:09:00.130635043Z,{"lat":11.097141988277192,"lon":106.64134516147458}
2024-06-27T10:09:01.150786253Z,{"lat":11.097143983982011,"lon":106.64136687833434}
2024-06-27T10:09:02.17069345Z,{"lat":11.09714504565288,"lon":106.64137954452434}
2024-06-27T10:09:03.180528338Z,{"lat":11.097144718778335,"lon":106.64137991532358}
2024-06-27T10:09:04.181153215Z,{"lat":11.097144295880447,"lon":106.64138315929316}
2024-06-27T10:09:05.173994236Z,{"lat":11.097140921574601,"lon":106.64138026101534}
2024-06-27T10:09:06.210416424Z,{"lat":11.09715658116552,"lon":106.6413808315578}
2024-06-27T10:09:07.230973578Z,{"lat":11.097156582881192,"lon":106.64138005597958}
2024-06-27T10:09:08.230595076Z,{"lat":11.0971565868666,"lon":106.64137825334714}
2024-06-27T10:09:09.252344881Z,{"lat":11.097156587961395,"lon":106.64137775845376}
2024-06-27T10:09:10.255919687Z,{"lat":11.097156585452007,"lon":106.64137889325005}
2024-06-27T10:09:11.280844489Z,{"lat":11.097156588417437,"lon":106.64137755223526}
2024-06-27T10:09:12.309050491Z,{"lat":11.097156593685494,"lon":106.64137516938143}
2024-06-27T10:09:13.310587817Z,{"lat":11.097156592135898,"lon":106.64137587010215}
2024-06-27T10:09:14.310639866Z,{"lat":11.097156591721198,"lon":106.64137605712754}
2024-06-27T10:09:15.310655618Z,{"lat":11.097156587011805,"lon":106.64137818705944}
2024-06-27T10:09:16.351040164Z,{"lat":11.09715659132667,"lon":106.6413762353417}
2024-06-27T10:09:17.370727326Z,{"lat":11.0971565942941,"lon":106.64137489289993}
2024-06-27T10:09:18.381090082Z,{"lat":11.097156593491876,"lon":106.64137525544126}
2024-06-27T10:09:19.401193805Z,{"lat":11.097156591546467,"lon":106.64137613523872}
2024-06-27T10:09:20.418956559Z,{"lat":11.097156591546426,"lon":106.64137613523872}
2024-06-27T10:09:21.415808077Z,{"lat":11.097156591546453,"lon":106.64137613523872}
2024-06-27T10:09:22.439145884Z,{"lat":11.097156591546435,"lon":106.64137613523872}
2024-06-27T10:09:23.45073085Z,{"lat":11.097143090645229,"lon":106.6413826185008}
2024-06-27T10:09:24.460797283Z,{"lat":11.09714571016933,"lon":106.64138279674312}
2024-06-27T10:09:25.459788765Z,{"lat":11.097148270113133,"lon":106.64138398481207}
2024-06-27T10:09:26.505338121Z,{"lat":11.097146954501564,"lon":106.64138481453993}
2024-06-27T10:09:27.510602609Z,{"lat":11.097145226060437,"lon":106.64139133410714}
2024-06-27T10:09:28.535615825Z,{"lat":11.097142926796678,"lon":106.64140935614981}
2024-06-27T10:09:29.59922706Z,{"lat":11.097142871605037,"lon":106.64142828367898}
2024-06-27T10:09:30.549794991Z,{"lat":11.097157464131095,"lon":106.64145911328599}
2024-06-27T10:09:31.580685264Z,{"lat":11.09716547338905,"lon":106.64149869981227}
2024-06-27T10:09:32.600369958Z,{"lat":11.09718289836791,"lon":106.64153788609225}
2024-06-27T10:09:33.613917124Z,{"lat":11.097196424743728,"lon":106.64156460466289}
2024-06-27T10:09:34.630546225Z,{"lat":11.097205844666636,"lon":106.6415896445183}
2024-06-27T10:09:35.635840247Z,{"lat":11.097212635088853,"lon":106.64161191750352}
2024-06-27T10:09:36.666030308Z,{"lat":11.097196669519736,"lon":106.64163173374342}
2024-06-27T10:09:37.688888003Z,{"lat":11.097196446085555,"lon":106.64165108995684}
2024-06-27T10:09:38.700890791Z,{"lat":11.097196380050415,"lon":106.64165681062481}
2024-06-27T10:09:39.711096432Z,{"lat":11.097196193177664,"lon":106.64167299956901}
2024-06-27T10:09:40.730713663Z,{"lat":11.09719606417254,"lon":106.6416841754161}
2024-06-27T10:09:41.750618262Z,{"lat":11.097196002738018,"lon":106.64168949753501}
2024-06-27T10:09:42.76075506Z,{"lat":11.097195969616648,"lon":106.64169236687107}
2024-06-27T10:09:43.770797368Z,{"lat":11.097195467542022,"lon":106.64169305938739}
2024-06-27T10:09:44.781230568Z,{"lat":11.097195487779274,"lon":106.64169195618089}
2024-06-27T10:09:45.786042425Z,{"lat":11.097195419981702,"lon":106.64169565203849}
2024-06-27T10:09:46.825542474Z,{"lat":11.097195367423737,"lon":106.64169851710402}
2024-06-27T10:09:47.83102745Z,{"lat":11.097195378282446,"lon":106.64169792517724}
2024-06-27T10:09:48.850863701Z,{"lat":11.097195273669865,"lon":106.64170362790195}
2024-06-27T10:09:49.844093223Z,{"lat":11.097195097420007,"lon":106.64171323580456}
2024-06-27T10:09:50.859323351Z,{"lat":11.09719495183488,"lon":106.64172117205464}
2024-06-27T10:09:51.900405605Z,{"lat":11.0971947570465,"lon":106.64173179052568}
2024-06-27T10:09:52.910608944Z,{"lat":11.09719455477354,"lon":106.64174281697586}
2024-06-27T10:09:53.931047839Z,{"lat":11.09719418581742,"lon":106.64176292980802}
2024-06-27T10:09:54.955861631Z,{"lat":11.097193591840915,"lon":106.6417953092871}
2024-06-27T10:09:55.960950135Z,{"lat":11.097193139314472,"lon":106.64181997787283}
2024-06-27T10:09:56.987265653Z,{"lat":11.097212926665849,"lon":106.64184519725569}
2024-06-27T10:09:57.980891074Z,{"lat":11.09743276041347,"lon":106.64177791935066}
2024-06-27T10:09:58.991078932Z,{"lat":11.097488319625805,"lon":106.64188086578177}
2024-06-27T10:10:00.010778394Z,{"lat":11.097555158479128,"lon":106.64188748077636}
2024-06-27T10:10:01.030732599Z,{"lat":11.097625666329915,"lon":106.64188987736588}
2024-06-27T10:10:02.037020978Z,{"lat":11.09770209383834,"lon":106.64189171230787}
2024-06-27T10:10:03.060837577Z,{"lat":11.09778291133247,"lon":106.64189462681256}
2024-06-27T10:10:04.088500091Z,{"lat":11.097870182119935,"lon":106.64189982503311}
2024-06-27T10:10:05.10170203Z,{"lat":11.097959065845352,"lon":106.64190227493549}
2024-06-27T10:10:06.110777053Z,{"lat":11.09805144668191,"lon":106.64190548228186}
2024-06-27T10:10:07.134674764Z,{"lat":11.098147832147628,"lon":106.6419077915681}
2024-06-27T10:10:08.187086413Z,{"lat":11.098243760617214,"lon":106.64190798576489}
2024-06-27T10:10:09.157922437Z,{"lat":11.098340528691478,"lon":106.64190915368238}
2024-06-27T10:10:10.158248508Z,{"lat":11.098444534746111,"lon":106.64191495796504}
2024-06-27T10:10:11.195184711Z,{"lat":11.098550933611255,"lon":106.64191844224278}
2024-06-27T10:10:12.211805063Z,{"lat":11.098653335359073,"lon":106.64191943170881}
2024-06-27T10:10:13.226362841Z,{"lat":11.098761356983614,"lon":106.64191862298746}
2024-06-27T10:10:14.252599728Z,{"lat":11.098870304851802,"lon":106.64192051615157}
2024-06-27T10:10:15.238372672Z,{"lat":11.098982615553577,"lon":106.64191769461362}
2024-06-27T10:10:16.274694434Z,{"lat":11.099099388665078,"lon":106.64191633429495}
2024-06-27T10:10:17.290641825Z,{"lat":11.099213835777713,"lon":106.64191392314417}
2024-06-27T10:10:18.314679233Z,{"lat":11.099324687432558,"lon":106.64191288833976}
2024-06-27T10:10:19.324684718Z,{"lat":11.099550010780678,"lon":106.64191938177879}
2024-06-27T10:10:20.35296234Z,{"lat":11.099664654145068,"lon":106.64192775678367}
2024-06-27T10:10:21.364758519Z,{"lat":11.099773682593606,"lon":106.64193110977125}
2024-06-27T10:10:22.374488376Z,{"lat":11.099887670472395,"lon":106.64193422309562}
2024-06-27T10:10:23.39455037Z,{"lat":11.100007602010939,"lon":106.6419307256566}
2024-06-27T10:10:24.41835582Z,{"lat":11.100121793288588,"lon":106.641935264143}
2024-06-27T10:10:25.416140807Z,{"lat":11.100240259520625,"lon":106.64193328476493}
2024-06-27T10:10:26.422924936Z,{"lat":11.100356594759129,"lon":106.64193615660939}
2024-06-27T10:10:27.461300736Z,{"lat":11.100464408429936,"lon":106.64193518466395}
2024-06-27T10:10:28.458284328Z,{"lat":11.100571525766536,"lon":106.64193772349506}
2024-06-27T10:10:29.472128593Z,{"lat":11.100680217749431,"lon":106.64193655296883}
2024-06-27T10:10:30.509714129Z,{"lat":11.100791278913736,"lon":106.64194096957866}
2024-06-27T10:10:31.514317494Z,{"lat":11.100908495772542,"lon":106.64193837899583}
2024-06-27T10:10:32.534020453Z,{"lat":11.101027420935347,"lon":106.6419397443323}
2024-06-27T10:10:33.557509607Z,{"lat":11.101143365891302,"lon":106.64194119219138}
2024-06-27T10:10:34.580749991Z,{"lat":11.101261154332766,"lon":106.6419411800546}
2024-06-27T10:10:35.57602558Z,{"lat":11.101381840832822,"lon":106.64193747606471}
2024-06-27T10:10:36.601090536Z,{"lat":11.101503704413608,"lon":106.64193893508798}
2024-06-27T10:10:37.624698965Z,{"lat":11.101629710824065,"lon":106.64194116909188}
2024-06-27T10:10:38.644633263Z,{"lat":11.101763781494862,"lon":106.64194348843512}
2024-06-27T10:10:39.672784825Z,{"lat":11.101906146811801,"lon":106.64194870523156}
2024-06-27T10:10:40.674568042Z,{"lat":11.10204922511046,"lon":106.6419557040413}
2024-06-27T10:10:41.69790038Z,{"lat":11.102194071179953,"lon":106.6419582501412}
2024-06-27T10:10:42.710454555Z,{"lat":11.102339786130104,"lon":106.6419594915703}
2024-06-27T10:10:43.72472408Z,{"lat":11.10248571703223,"lon":106.64196219319534}
2024-06-27T10:10:44.744419006Z,{"lat":11.102625281433236,"lon":106.64196248548572}
2024-06-27T10:10:45.750142126Z,{"lat":11.10275779182154,"lon":106.64196149021963}
2024-06-27T10:10:46.774752796Z,{"lat":11.102888428310102,"lon":106.64195834198577}
2024-06-27T10:10:47.774693917Z,{"lat":11.103018194565447,"lon":106.64195796233896}
2024-06-27T10:10:48.772829111Z,{"lat":11.103140393107997,"lon":106.64196130569871}
2024-06-27T10:10:49.789643906Z,{"lat":11.103263052085577,"lon":106.64196156003901}
2024-06-27T10:10:50.807846853Z,{"lat":11.103381669324937,"lon":106.64196717256023}
2024-06-27T10:10:51.854740288Z,{"lat":11.103500052907231,"lon":106.64197036071192}
2024-06-27T10:10:52.869869373Z,{"lat":11.103619911350808,"lon":106.6419729964361}
2024-06-27T10:10:53.880076074Z,{"lat":11.10373808521026,"lon":106.64197148995784}
2024-06-27T10:10:54.902687353Z,{"lat":11.103851863391538,"lon":106.6419712090361}
2024-06-27T10:10:55.900211957Z,{"lat":11.103970408756439,"lon":106.64197431997337}
2024-06-27T10:10:56.920236253Z,{"lat":11.104084664873556,"lon":106.64197569421907}
2024-06-27T10:10:57.92961059Z,{"lat":11.104190687044614,"lon":106.64197880988782}
2024-06-27T10:10:58.96455167Z,{"lat":11.104291605605578,"lon":106.64198377289291}
2024-06-27T10:10:59.977497258Z,{"lat":11.104393479821605,"lon":106.64198582359434}
2024-06-27T10:11:00.994928304Z,{"lat":11.104494563191366,"lon":106.64198711748534}
2024-06-27T10:11:02.016664161Z,{"lat":11.10460008494101,"lon":106.6419705319171}
2024-06-27T10:11:03.025618517Z,{"lat":11.104716272117823,"lon":106.64198993537028}
2024-06-27T10:11:04.045351484Z,{"lat":11.104833635397965,"lon":106.64199047844747}
2024-06-27T10:11:05.05453864Z,{"lat":11.104951606542336,"lon":106.64199152327275}
2024-06-27T10:11:06.075014294Z,{"lat":11.105073677460242,"lon":106.64199310983194}
2024-06-27T10:11:07.098014876Z,{"lat":11.105199512678343,"lon":106.64199262815585}
2024-06-27T10:11:08.120073882Z,{"lat":11.105325176019374,"lon":106.64199061410744}
2024-06-27T10:11:09.124672133Z,{"lat":11.105455161688557,"lon":106.64198840474451}
2024-06-27T10:11:10.147846581Z,{"lat":11.10558240738914,"lon":106.6419655688212}
2024-06-27T10:11:11.154752331Z,{"lat":11.105710436149558,"lon":106.64199443377395}
2024-06-27T10:11:12.175245765Z,{"lat":11.10584355124263,"lon":106.64199681644402}
2024-06-27T10:11:13.18126692Z,{"lat":11.105973450891105,"lon":106.64199876800788}
2024-06-27T10:11:14.20597219Z,{"lat":11.106108503928912,"lon":106.64199882600627}
2024-06-27T10:11:15.216318279Z,{"lat":11.106240916252673,"lon":106.64199783575144}
2024-06-27T10:11:16.240323637Z,{"lat":11.106371268421114,"lon":106.64199943759623}
2024-06-27T10:11:17.263451805Z,{"lat":11.10649898789196,"lon":106.6420028980301}
2024-06-27T10:11:18.280319706Z,{"lat":11.106622377072505,"lon":106.64200106543173}
2024-06-27T10:11:19.289479046Z,{"lat":11.106749928308869,"lon":106.64200034343072}
2024-06-27T10:11:20.309469724Z,{"lat":11.106876969712202,"lon":106.64200312971988}
2024-06-27T10:11:21.327778826Z,{"lat":11.107125465083763,"lon":106.64200134758616}
2024-06-27T10:11:22.348286774Z,{"lat":11.107245910162373,"lon":106.64200267727409}
2024-06-27T10:11:23.359799132Z,{"lat":11.107371318606901,"lon":106.64199943517181}
2024-06-27T10:11:24.369825041Z,{"lat":11.107489011855904,"lon":106.6420010500619}
2024-06-27T10:11:25.379711851Z,{"lat":11.107608909371319,"lon":106.64200449003498}
2024-06-27T10:11:26.405806046Z,{"lat":11.107727881132174,"lon":106.64200976789442}
2024-06-27T10:11:27.402797636Z,{"lat":11.107841926949174,"lon":106.64201269819885}
2024-06-27T10:11:28.4396276Z,{"lat":11.107958623375826,"lon":106.64201426332748}
2024-06-27T10:11:29.460783387Z,{"lat":11.108070530418846,"lon":106.6420174128852}
2024-06-27T10:11:30.479870033Z,{"lat":11.10817942026944,"lon":106.64201904393208}
2024-06-27T10:11:31.494464806Z,{"lat":11.108285864843726,"lon":106.64202006966114}
2024-06-27T10:11:32.507779224Z,{"lat":11.108392608868666,"lon":106.64202024062232}
2024-06-27T10:11:33.507687412Z,{"lat":11.108501225619452,"lon":106.64202514066227}
2024-06-27T10:11:34.522965728Z,{"lat":11.10861011043118,"lon":106.64203131058456}
2024-06-27T10:11:35.519778197Z,{"lat":11.108714231619429,"lon":106.6420341495123}
2024-06-27T10:11:36.559554381Z,{"lat":11.108817030899877,"lon":106.64203599111597}
2024-06-27T10:11:37.573119984Z,{"lat":11.10892032102179,"lon":106.64203771857696}
2024-06-27T10:11:38.585077856Z,{"lat":11.10902713929283,"lon":106.64203882076453}
2024-06-27T10:11:39.614638822Z,{"lat":11.109132778744247,"lon":106.64203917406071}
2024-06-27T10:11:40.628510557Z,{"lat":11.10923704785689,"lon":106.64204123883222}
2024-06-27T10:11:41.642536373Z,{"lat":11.10933695519038,"lon":106.64204443100773}
2024-06-27T10:11:42.660035493Z,{"lat":11.109440174752306,"lon":106.64204630145505}
2024-06-27T10:11:43.66716814Z,{"lat":11.109546571856601,"lon":106.64205100174496}
2024-06-27T10:11:44.687603503Z,{"lat":11.10965160943744,"lon":106.64205431343979}
2024-06-27T10:11:45.685712743Z,{"lat":11.10975268545178,"lon":106.64205955631866}
2024-06-27T10:11:46.730689014Z,{"lat":11.10985465883606,"lon":106.64206051472746}
2024-06-27T10:11:47.740762424Z,{"lat":11.109960025021655,"lon":106.6420586976536}
2024-06-27T10:11:48.757610614Z,{"lat":11.110064680359214,"lon":106.64205851155579}
2024-06-27T10:11:49.780736731Z,{"lat":11.110169394541613,"lon":106.64206183400042}
2024-06-27T10:11:50.771668358Z,{"lat":11.110278842526723,"lon":106.64206130244492}
2024-06-27T10:11:51.812129554Z,{"lat":11.110377473435065,"lon":106.64206273146205}
2024-06-27T10:11:52.82139261Z,{"lat":11.110476980636992,"lon":106.64206501742153}
2024-06-27T10:11:53.858841465Z,{"lat":11.110577848773167,"lon":106.64206492494691}
2024-06-27T10:11:54.861683348Z,{"lat":11.110681833714946,"lon":106.64201704554672}
2024-06-27T10:11:55.864084753Z,{"lat":11.110780859969857,"lon":106.64201871828514}
2024-06-27T10:11:56.882650749Z,{"lat":11.110871087935909,"lon":106.64201608957207}
2024-06-27T10:11:57.912585925Z,{"lat":11.110967243604275,"lon":106.64201897276766}
2024-06-27T10:11:58.951561088Z,{"lat":11.111064690140326,"lon":106.64202165886338}
2024-06-27T10:11:59.930963842Z,{"lat":11.111158259249919,"lon":106.64202632468196}
2024-06-27T10:12:00.957237553Z,{"lat":11.111250680979616,"lon":106.6420282887287}
2024-06-27T10:12:01.98619595Z,{"lat":11.111346766779484,"lon":106.64202634337556}
2024-06-27T10:12:02.984754651Z,{"lat":11.111442296600995,"lon":106.64202433788633}
2024-06-27T10:12:04.006618256Z,{"lat":11.111534887319422,"lon":106.6420257408453}
2024-06-27T10:12:05.02139142Z,{"lat":11.11162548313656,"lon":106.64202982037686}
2024-06-27T10:12:06.039492763Z,{"lat":11.111711233258381,"lon":106.64203505566338}
2024-06-27T10:12:07.061066263Z,{"lat":11.111795628821898,"lon":106.64204073859261}
2024-06-27T10:12:08.071316025Z,{"lat":11.111881996292817,"lon":106.64204347930887}
2024-06-27T10:12:09.09154319Z,{"lat":11.111967126231582,"lon":106.64204393530642}
2024-06-27T10:12:10.155500255Z,{"lat":11.112050436698837,"lon":106.64204555068747}
2024-06-27T10:12:11.124435928Z,{"lat":11.112141647340646,"lon":106.6420463559332}
2024-06-27T10:12:12.144836763Z,{"lat":11.112232504111603,"lon":106.64204593591724}
2024-06-27T10:12:13.13571753Z,{"lat":11.112323108089774,"lon":106.64204925425408}
2024-06-27T10:12:14.17242614Z,{"lat":11.112414483940892,"lon":106.64204980237886}
2024-06-27T10:12:15.166222284Z,{"lat":11.112499979163895,"lon":106.64205223004217}
2024-06-27T10:12:16.206005681Z,{"lat":11.112585179972857,"lon":106.64205254598038}
2024-06-27T10:12:17.223303457Z,{"lat":11.112677118861448,"lon":106.64205012051629}
2024-06-27T10:12:18.233081483Z,{"lat":11.112772229182356,"lon":106.6420465551854}
2024-06-27T10:12:19.253291065Z,{"lat":11.112871177692698,"lon":106.64204529000304}
2024-06-27T10:12:20.281319396Z,{"lat":11.112966047957121,"lon":106.64204599271966}
2024-06-27T10:12:21.283364682Z,{"lat":11.113067861074047,"lon":106.6420418656966}
2024-06-27T10:12:22.307123886Z,{"lat":11.113169775396464,"lon":106.64203460525334}
2024-06-27T10:12:23.310227197Z,{"lat":11.113387859642174,"lon":106.64202623909053}
2024-06-27T10:12:24.343719415Z,{"lat":11.113499062509495,"lon":106.64202685364579}
2024-06-27T10:12:25.361816571Z,{"lat":11.113605128740215,"lon":106.64202730757903}
2024-06-27T10:12:26.373319767Z,{"lat":11.113709329965891,"lon":106.64203288771101}
2024-06-27T10:12:27.368482442Z,{"lat":11.113804763993796,"lon":106.64203875942285}
2024-06-27T10:12:28.388284954Z,{"lat":11.113887101539305,"lon":106.64204428992745}
2024-06-27T10:12:29.423180019Z,{"lat":11.113956772371008,"lon":106.64204767579876}
2024-06-27T10:12:30.453310345Z,{"lat":11.114010490875447,"lon":106.64205134166782}
2024-06-27T10:12:31.456533346Z,{"lat":11.11405036095507,"lon":106.64205019850218}
2024-06-27T10:12:32.473277658Z,{"lat":11.114082983347124,"lon":106.6420422613683}
2024-06-27T10:12:33.483169376Z,{"lat":11.114109499401762,"lon":106.64203827225192}
2024-06-27T10:12:34.506861348Z,{"lat":11.11413156734773,"lon":106.64203563015325}
2024-06-27T10:12:35.503240533Z,{"lat":11.114145055405862,"lon":106.64204046536496}
2024-06-27T10:12:36.533590207Z,{"lat":11.11414788658319,"lon":106.64203910368997}
2024-06-27T10:12:37.553199224Z,{"lat":11.1141485055171,"lon":106.64203088812563}
2024-06-27T10:12:38.563656656Z,{"lat":11.11415410238521,"lon":106.64204005514755}
2024-06-27T10:12:39.593486721Z,{"lat":11.114166846703052,"lon":106.64204011557787}
2024-06-27T10:12:40.603244325Z,{"lat":11.114179370222871,"lon":106.64197281417168}
2024-06-27T10:12:41.62395325Z,{"lat":11.114193412823647,"lon":106.64195614440912}
2024-06-27T10:12:42.633954653Z,{"lat":11.114217434695847,"lon":106.64193913755363}
2024-06-27T10:12:43.653180458Z,{"lat":11.11424955922565,"lon":106.64192457129641}
2024-06-27T10:12:44.676491145Z,{"lat":11.11427310681599,"lon":106.6419223630214}
2024-06-27T10:12:45.678438057Z,{"lat":11.114295032303284,"lon":106.641920052945}
2024-06-27T10:12:46.715674698Z,{"lat":11.114323072184005,"lon":106.64190975988498}
2024-06-27T10:12:48.018177794Z,{"lat":11.114351807843185,"lon":106.64189711137564}
2024-06-27T10:12:48.732974856Z,{"lat":11.114383690186905,"lon":106.64204347183157}
2024-06-27T10:12:49.75346432Z,{"lat":11.114391461805951,"lon":106.64184541106495}
2024-06-27T10:12:50.753490643Z,{"lat":11.114390897557076,"lon":106.6417971267407}
2024-06-27T10:12:51.783351604Z,{"lat":11.114390341407326,"lon":106.64172700638426}
2024-06-27T10:12:52.8030412Z,{"lat":11.114481530085586,"lon":106.64164831073317}
2024-06-27T10:12:53.808337934Z,{"lat":11.114497403824828,"lon":106.64156747541018}
2024-06-27T10:12:54.835838501Z,{"lat":11.114508447567657,"lon":106.64148104313944}
2024-06-27T10:12:55.836204555Z,{"lat":11.114511415365955,"lon":106.64139116075226}
2024-06-27T10:12:56.875342978Z,{"lat":11.114513095055276,"lon":106.64129743565901}
2024-06-27T10:12:57.885396898Z,{"lat":11.114515400825237,"lon":106.64119981447003}
2024-06-27T10:12:58.88410046Z,{"lat":11.114518175756835,"lon":106.64109703123391}
2024-06-27T10:12:59.900568412Z,{"lat":11.114519957772014,"lon":106.64098559990036}
2024-06-27T10:13:00.935689807Z,{"lat":11.114521100836647,"lon":106.64087447473764}
2024-06-27T10:13:01.963290754Z,{"lat":11.114522138710774,"lon":106.64075891074049}
2024-06-27T10:13:02.950469726Z,{"lat":11.114527072750517,"lon":106.64064108593405}
2024-06-27T10:13:03.975326188Z,{"lat":11.11452800351774,"lon":106.64051900083331}
2024-06-27T10:13:04.985256215Z,{"lat":11.114532689785273,"lon":106.6403977346957}
2024-06-27T10:13:06.005734685Z,{"lat":11.11453464118527,"lon":106.64026891955051}
2024-06-27T10:13:07.025642758Z,{"lat":11.114535642335982,"lon":106.64014141538038}
2024-06-27T10:13:08.031013123Z,{"lat":11.114537222840122,"lon":106.64000751837906}
2024-06-27T10:13:09.045320861Z,{"lat":11.114541586338536,"lon":106.63987759999758}
2024-06-27T10:13:10.065489092Z,{"lat":11.114546919039721,"lon":106.6397477485372}
2024-06-27T10:13:11.082231425Z,{"lat":11.114549114054839,"lon":106.63961764433495}
2024-06-27T10:13:12.083567214Z,{"lat":11.114551394717981,"lon":106.63948822770375}
2024-06-27T10:13:13.125767013Z,{"lat":11.114554805587144,"lon":106.63935990150043}
2024-06-27T10:13:14.13582053Z,{"lat":11.114556688902098,"lon":106.63923812413046}
2024-06-27T10:13:15.155560398Z,{"lat":11.114556227708743,"lon":106.63911856185425}
2024-06-27T10:13:16.160662142Z,{"lat":11.11455544142405,"lon":106.6389992163535}
2024-06-27T10:13:17.185566812Z,{"lat":11.114556299675908,"lon":106.6388777108952}
2024-06-27T10:13:18.208947472Z,{"lat":11.114556924190937,"lon":106.63875532908256}
2024-06-27T10:13:19.225515205Z,{"lat":11.114558769625754,"lon":106.63863605058614}
2024-06-27T10:13:20.23901074Z,{"lat":11.114558228676394,"lon":106.6385123089646}
2024-06-27T10:13:21.245646188Z,{"lat":11.114558764773298,"lon":106.63838943156614}
2024-06-27T10:13:22.273186979Z,{"lat":11.11455842017121,"lon":106.63826584132336}
2024-06-27T10:13:23.28530405Z,{"lat":11.114558298335062,"lon":106.63814832742462}
2024-06-27T10:13:24.31186915Z,{"lat":11.11455970379378,"lon":106.63803206969446}
2024-06-27T10:13:25.303613099Z,{"lat":11.114557018004026,"lon":106.63792043596533}
2024-06-27T10:13:26.33345241Z,{"lat":11.114564975585889,"lon":106.63772313458375}
2024-06-27T10:13:27.353660443Z,{"lat":11.114565986219548,"lon":106.6376493376095}
2024-06-27T10:13:28.35686906Z,{"lat":11.114567643484257,"lon":106.6375773930199}
2024-06-27T10:13:29.347105973Z,{"lat":11.114566086335232,"lon":106.63749597203007}
2024-06-27T10:13:30.368114743Z,{"lat":11.114574874551439,"lon":106.63740600681281}
2024-06-27T10:13:31.403384248Z,{"lat":11.11457718985407,"lon":106.63730261556724}
2024-06-27T10:13:32.423705399Z,{"lat":11.114578592469472,"lon":106.63718787929184}
2024-06-27T10:13:33.433710621Z,{"lat":11.11458128695346,"lon":106.63706724238844}
2024-06-27T10:13:34.453449673Z,{"lat":11.114583777078122,"lon":106.63694823573674}
2024-06-27T10:13:35.465486137Z,{"lat":11.114584965011169,"lon":106.63682618898191}
2024-06-27T10:13:36.46678616Z,{"lat":11.114585549654889,"lon":106.63670131704804}
2024-06-27T10:13:37.503613282Z,{"lat":11.114587116549131,"lon":106.63657096649573}
2024-06-27T10:13:38.527745074Z,{"lat":11.11458543944558,"lon":106.63644479737643}
2024-06-27T10:13:39.523768141Z,{"lat":11.114587111176174,"lon":106.6363189604315}
2024-06-27T10:13:40.533348369Z,{"lat":11.114588071240975,"lon":106.63619634490786}
2024-06-27T10:13:41.553423227Z,{"lat":11.114589723022673,"lon":106.63607215573064}
2024-06-27T10:13:42.558953676Z,{"lat":11.114590995519196,"lon":106.63594707027205}
2024-06-27T10:13:43.587248109Z,{"lat":11.114591804317708,"lon":106.63582430582709}
2024-06-27T10:13:44.604100615Z,{"lat":11.114594040482274,"lon":106.63570283069465}
2024-06-27T10:13:45.61630967Z,{"lat":11.114595314619201,"lon":106.63558144960234}
2024-06-27T10:13:46.633898085Z,{"lat":11.114598419456794,"lon":106.6354608249496}
2024-06-27T10:13:47.653435752Z,{"lat":11.114596914985007,"lon":106.63534286312643}
2024-06-27T10:13:48.674046357Z,{"lat":11.114598096343295,"lon":106.63522111719888}
2024-06-27T10:13:49.666622405Z,{"lat":11.114599462872746,"lon":106.63510023755282}
2024-06-27T10:13:50.69214261Z,{"lat":11.11460101139359,"lon":106.6349786738986}
2024-06-27T10:13:51.723672399Z,{"lat":11.114604078918324,"lon":106.63485983750981}
2024-06-27T10:13:52.733268915Z,{"lat":11.114607554928355,"lon":106.63474547835182}
2024-06-27T10:13:53.753500274Z,{"lat":11.114607708328235,"lon":106.63462337167485}
2024-06-27T10:13:54.767607289Z,{"lat":11.11460631136137,"lon":106.6345032376907}
2024-06-27T10:13:55.761565113Z,{"lat":11.114607479435733,"lon":106.63438340861138}
2024-06-27T10:13:56.803451288Z,{"lat":11.114606707686807,"lon":106.6342585544154}
2024-06-27T10:13:57.823443218Z,{"lat":11.114610997642712,"lon":106.63413551723251}
2024-06-27T10:13:58.834096501Z,{"lat":11.11461046193644,"lon":106.6340143159229}
2024-06-27T10:13:59.856737796Z,{"lat":11.114610578145596,"lon":106.63389132162493}
2024-06-27T10:14:00.877105784Z,{"lat":11.114608843316912,"lon":106.63376600264397}
2024-06-27T10:14:01.883642894Z,{"lat":11.114609925159208,"lon":106.63364254561372}
2024-06-27T10:14:03.098989664Z,{"lat":11.114610501582991,"lon":106.63351458918132}
2024-06-27T10:14:03.912222134Z,{"lat":11.114610755357226,"lon":106.6333924427154}
2024-06-27T10:14:04.93544382Z,{"lat":11.11461129695702,"lon":106.63327128800199}
2024-06-27T10:14:05.932580994Z,{"lat":11.114612518297683,"lon":106.63315121844282}
2024-06-27T10:14:06.962228116Z,{"lat":11.114613892061318,"lon":106.63302895614957}
2024-06-27T10:14:07.982519654Z,{"lat":11.11461381972725,"lon":106.63290837455567}
2024-06-27T10:14:08.992652307Z,{"lat":11.114613664472474,"lon":106.6327842459168}
2024-06-27T10:14:10.02557654Z,{"lat":11.114613577049015,"lon":106.6326654788111}
2024-06-27T10:14:11.032750259Z,{"lat":11.114614292998064,"lon":106.63254404033873}
2024-06-27T10:14:12.052748937Z,{"lat":11.114621162291394,"lon":106.6324233028921}
2024-06-27T10:14:13.072940504Z,{"lat":11.11461933390095,"lon":106.63230655636022}
2024-06-27T10:14:14.082214406Z,{"lat":11.114622269937065,"lon":106.63219126397996}
2024-06-27T10:14:15.146950573Z,{"lat":11.114625872339563,"lon":106.63207336540349}
2024-06-27T10:14:16.108783904Z,{"lat":11.114628783103191,"lon":106.63196139290886}
2024-06-27T10:14:17.124934493Z,{"lat":11.114628492756296,"lon":106.63184895792614}
2024-06-27T10:14:18.131754546Z,{"lat":11.1146274189738,"lon":106.63173563309445}
2024-06-27T10:14:19.169123732Z,{"lat":11.114629251660887,"lon":106.63162524344142}
2024-06-27T10:14:20.193227202Z,{"lat":11.11463183546424,"lon":106.63151240455252}
2024-06-27T10:14:21.195315195Z,{"lat":11.114633454260568,"lon":106.63140462394975}
2024-06-27T10:14:22.215399768Z,{"lat":11.114635642346062,"lon":106.63130257372629}
2024-06-27T10:14:23.23502017Z,{"lat":11.114638097660233,"lon":106.63120036050172}
2024-06-27T10:14:24.246524127Z,{"lat":11.114637836159183,"lon":106.63110284692212}
2024-06-27T10:14:25.274548811Z,{"lat":11.114636881531121,"lon":106.63101423194381}
2024-06-27T10:14:26.293345484Z,{"lat":11.11464075262468,"lon":106.63092630435555}
2024-06-27T10:14:27.297515189Z,{"lat":11.114645467630865,"lon":106.63084338765263}
2024-06-27T10:14:28.31134969Z,{"lat":11.114651739865659,"lon":106.63076414353637}
2024-06-27T10:14:29.344600125Z,{"lat":11.11466208890648,"lon":106.63062588242639}
2024-06-27T10:14:30.349455826Z,{"lat":11.11466713630486,"lon":106.63055847044052}
2024-06-27T10:14:31.369747223Z,{"lat":11.114679900642354,"lon":106.63048114437117}
2024-06-27T10:14:32.384496256Z,{"lat":11.11469435315843,"lon":106.63040535446807}
2024-06-27T10:14:33.391030562Z,{"lat":11.114754651074511,"lon":106.63034660812708}
2024-06-27T10:14:34.424687994Z,{"lat":11.114781845796186,"lon":106.63027659103045}
2024-06-27T10:14:35.431078671Z,{"lat":11.114792856342921,"lon":106.63017934178659}
2024-06-27T10:14:36.431453362Z,{"lat":11.114768888730971,"lon":106.63006894945514}
2024-06-27T10:14:37.461405292Z,{"lat":11.114741148588562,"lon":106.62998132085532}
2024-06-27T10:14:38.489516636Z,{"lat":11.11463932146373,"lon":106.62990709890701}
2024-06-27T10:14:39.484449816Z,{"lat":11.114605183310283,"lon":106.62981292743757}
2024-06-27T10:14:40.511733631Z,{"lat":11.114572081917334,"lon":106.62971112426295}
2024-06-27T10:14:41.531454429Z,{"lat":11.114541467891796,"lon":106.62960684053178}
2024-06-27T10:14:42.551086908Z,{"lat":11.114509560097476,"lon":106.6294985008342}
2024-06-27T10:14:43.561540085Z,{"lat":11.114480986491195,"lon":106.62938750775768}
2024-06-27T10:14:44.584744971Z,{"lat":11.114451205207427,"lon":106.62927137767447}
2024-06-27T10:14:45.581484939Z,{"lat":11.114421739940285,"lon":106.62915309705426}
2024-06-27T10:14:46.611356923Z,{"lat":11.114392176387396,"lon":106.62903151998174}
2024-06-27T10:14:47.631320548Z,{"lat":11.114366764139172,"lon":106.62891052753604}
2024-06-27T10:14:48.640994608Z,{"lat":11.114338889459262,"lon":106.62878321045994}
2024-06-27T10:14:49.646004889Z,{"lat":11.114314330426085,"lon":106.62865745442956}
2024-06-27T10:14:50.681108035Z,{"lat":11.114283169858663,"lon":106.62852783350786}
2024-06-27T10:14:51.697542428Z,{"lat":11.114256955373074,"lon":106.6284002348031}
2024-06-27T10:14:52.69722228Z,{"lat":11.114228575397751,"lon":106.62827144915155}
2024-06-27T10:14:53.717787459Z,{"lat":11.114200587873027,"lon":106.62813972303339}
2024-06-27T10:14:54.740246408Z,{"lat":11.114168129105908,"lon":106.62800824060493}
2024-06-27T10:14:55.727735797Z,{"lat":11.114137758963354,"lon":106.62787495616516}
2024-06-27T10:14:56.742350495Z,{"lat":11.114109651767068,"lon":106.6277477774778}
2024-06-27T10:14:57.788565418Z,{"lat":11.11408082111087,"lon":106.62762384280462}
2024-06-27T10:14:58.79757059Z,{"lat":11.114053545041422,"lon":106.62750216290442}
2024-06-27T10:14:59.792373487Z,{"lat":11.114027465088567,"lon":106.62738603167442}
2024-06-27T10:15:00.827420798Z,{"lat":11.114001172394314,"lon":106.62726479412964}
2024-06-27T10:15:01.847319721Z,{"lat":11.11397593554013,"lon":106.6271474892781}
2024-06-27T10:15:02.8706312Z,{"lat":11.113951498747296,"lon":106.62703143471195}
2024-06-27T10:15:03.88247645Z,{"lat":11.113925482004781,"lon":106.62691504497137}
2024-06-27T10:15:04.897490588Z,{"lat":11.113898288359058,"lon":106.62679755801167}
2024-06-27T10:15:05.89710148Z,{"lat":11.11387225315314,"lon":106.62668123323077}
2024-06-27T10:15:06.927554922Z,{"lat":11.113842768647405,"lon":106.62656585828607}
2024-06-27T10:15:07.955492113Z,{"lat":11.113819225880789,"lon":106.6264535915239}
2024-06-27T10:15:08.947287877Z,{"lat":11.113795278012887,"lon":106.6263331896368}
2024-06-27T10:15:09.988857872Z,{"lat":11.113771192282575,"lon":106.62621645258776}
2024-06-27T10:15:10.977704677Z,{"lat":11.113742747466064,"lon":106.62609686845701}
2024-06-27T10:15:11.970454451Z,{"lat":11.113714897927217,"lon":106.62597806184758}
2024-06-27T10:15:12.985587283Z,{"lat":11.11368906630881,"lon":106.62585958286846}
2024-06-27T10:15:14.017482031Z,{"lat":11.113661649084781,"lon":106.62573875349972}
2024-06-27T10:15:15.02757053Z,{"lat":11.113634415356966,"lon":106.62561988438617}
2024-06-27T10:15:16.027743697Z,{"lat":11.113606003626932,"lon":106.62550380947964}
2024-06-27T10:15:17.050631104Z,{"lat":11.113576705906556,"lon":106.62539194150182}
2024-06-27T10:15:18.077417276Z,{"lat":11.113550759342068,"lon":106.62528278930202}
2024-06-27T10:15:19.097239773Z,{"lat":11.113524061740893,"lon":106.62517147277751}
2024-06-27T10:15:20.117874899Z,{"lat":11.113497364485365,"lon":106.62506795251079}
2024-06-27T10:15:21.15346006Z,{"lat":11.113468907676653,"lon":106.62495942880236}
2024-06-27T10:15:22.113007075Z,{"lat":11.113446233246723,"lon":106.62485997655902}
2024-06-27T10:15:23.133295763Z,{"lat":11.113423672175259,"lon":106.62475697650008}
2024-06-27T10:15:24.349549075Z,{"lat":11.113402357374188,"lon":106.62465541388512}
2024-06-27T10:15:26.467271877Z,{"lat":11.113377144188698,"lon":106.62455584631417}
2024-06-27T10:15:26.723673187Z,{"lat":11.11335356875365,"lon":106.62445217099624}
2024-06-27T10:15:27.178592311Z,{"lat":11.113332017232677,"lon":106.62434833111215}
2024-06-27T10:15:28.216146213Z,{"lat":11.113311051481887,"lon":106.62423971736546}
2024-06-27T10:15:29.230124943Z,{"lat":11.113290763172953,"lon":106.62414246798824}
2024-06-27T10:15:30.250564151Z,{"lat":11.113271405616182,"lon":106.62404138993827}
2024-06-27T10:15:31.261965531Z,{"lat":11.113250354516724,"lon":106.62394404399694}
2024-06-27T10:15:32.274871392Z,{"lat":11.113227327928303,"lon":106.6238469281195}
2024-06-27T10:15:33.291639167Z,{"lat":11.113202145853593,"lon":106.62375067012141}
2024-06-27T10:15:34.32334251Z,{"lat":11.113179346907044,"lon":106.62365411000894}
2024-06-27T10:15:35.326443746Z,{"lat":11.113143787061238,"lon":106.62347485220866}
2024-06-27T10:15:36.346506383Z,{"lat":11.113123821484917,"lon":106.62339723532934}
2024-06-27T10:15:37.353391989Z,{"lat":11.11310426091729,"lon":106.62331708995029}
2024-06-27T10:15:38.380043443Z,{"lat":11.113086235981985,"lon":106.62323260597385}
2024-06-27T10:15:39.400727881Z,{"lat":11.11307081739681,"lon":106.62315420863035}
2024-06-27T10:15:40.397822443Z,{"lat":11.113056390706012,"lon":106.6230764689165}
2024-06-27T10:15:41.43326446Z,{"lat":11.113042435366792,"lon":106.62299842719796}
2024-06-27T10:15:42.443166297Z,{"lat":11.113028066163581,"lon":106.622919716056}
2024-06-27T10:15:43.478022317Z,{"lat":11.113012861822899,"lon":106.62284582598909}
2024-06-27T10:15:44.480977034Z,{"lat":11.112995398201157,"lon":106.62277038825457}
2024-06-27T10:15:45.493242602Z,{"lat":11.11297818383969,"lon":106.62268870666242}
2024-06-27T10:15:46.518034973Z,{"lat":11.112963620067548,"lon":106.62261168009721}
2024-06-27T10:15:47.536594005Z,{"lat":11.112947008273622,"lon":106.62253047651596}
2024-06-27T10:15:48.554434614Z,{"lat":11.112927746333494,"lon":106.6224517665432}
2024-06-27T10:15:49.562860322Z,{"lat":11.112901503549649,"lon":106.62236727036449}
2024-06-27T10:15:50.562792457Z,{"lat":11.11287708053614,"lon":106.62227453277706}
2024-06-27T10:15:51.593517832Z,{"lat":11.112856927791894,"lon":106.62218170102169}
2024-06-27T10:15:52.613359708Z,{"lat":11.11284262349011,"lon":106.62209601944491}
2024-06-27T10:15:53.616688327Z,{"lat":11.112824444153144,"lon":106.62199920150645}
2024-06-27T10:15:54.642881601Z,{"lat":11.112801167391362,"lon":106.62189417889874}
2024-06-27T10:15:55.66695918Z,{"lat":11.112778039316517,"lon":106.62178711569184}
2024-06-27T10:15:56.68873169Z,{"lat":11.112749575690605,"lon":106.62167038090186}
2024-06-27T10:15:57.703101202Z,{"lat":11.112720509030506,"lon":106.62156185865017}
2024-06-27T10:15:58.712707523Z,{"lat":11.112698055722232,"lon":106.62145717056907}
2024-06-27T10:15:59.723315147Z,{"lat":11.112675430520282,"lon":106.6213525704533}
2024-06-27T10:16:00.7280361Z,{"lat":11.112653585717657,"lon":106.62124741495413}
2024-06-27T10:16:01.775830185Z,{"lat":11.112629248819589,"lon":106.62113881665479}
2024-06-27T10:16:02.783039691Z,{"lat":11.11260583569816,"lon":106.6210297642023}
2024-06-27T10:16:03.796218671Z,{"lat":11.112584620096818,"lon":106.62091900638178}
2024-06-27T10:16:04.797845758Z,{"lat":11.11255898125953,"lon":106.62080797034535}
2024-06-27T10:16:05.804509641Z,{"lat":11.112534788616989,"lon":106.62069022141502}
2024-06-27T10:16:06.83802854Z,{"lat":11.11251009178942,"lon":106.62057723485765}
2024-06-27T10:16:07.843665655Z,{"lat":11.112484712398457,"lon":106.62046703311616}
2024-06-27T10:16:08.859888009Z,{"lat":11.112462600724303,"lon":106.62036809495187}
2024-06-27T10:16:09.879328876Z,{"lat":11.112438121130182,"lon":106.6202735975532}
2024-06-27T10:16:10.871976653Z,{"lat":11.112415621198,"lon":106.6201791221274}
2024-06-27T10:16:11.936725699Z,{"lat":11.112391647847456,"lon":106.62008138461485}
2024-06-27T10:16:12.933605564Z,{"lat":11.112369631863247,"lon":106.61998307526684}
2024-06-27T10:16:13.940381083Z,{"lat":11.11234759002532,"lon":106.61989047630229}
2024-06-27T10:16:14.937657922Z,{"lat":11.112326690215806,"lon":106.61979397849915}
2024-06-27T10:16:15.96650884Z,{"lat":11.112302396761395,"lon":106.61969222720455}
2024-06-27T10:16:16.989605299Z,{"lat":11.112280668741146,"lon":106.61958875948372}
2024-06-27T10:16:18.013725498Z,{"lat":11.112262245266075,"lon":106.61948531287318}
2024-06-27T10:16:19.05540265Z,{"lat":11.112240034453706,"lon":106.61938854496653}
2024-06-27T10:16:20.088354095Z,{"lat":11.112220844484586,"lon":106.61929619292087}
2024-06-27T10:16:21.060121817Z,{"lat":11.112197873659472,"lon":106.61920445411299}
2024-06-27T10:16:22.079255703Z,{"lat":11.112179852354236,"lon":106.61911811552508}
2024-06-27T10:16:23.131880653Z,{"lat":11.112166513700522,"lon":106.61904064629962}
2024-06-27T10:16:24.112670351Z,{"lat":11.11214445927966,"lon":106.61896636980345}
2024-06-27T10:16:25.132295387Z,{"lat":11.112131007429985,"lon":106.61889320389963}
2024-06-27T10:16:26.130757553Z,{"lat":11.112117034097038,"lon":106.6188247774684}
2024-06-27T10:16:27.145155385Z,{"lat":11.112106315478515,"lon":106.6187685840945}
2024-06-27T10:16:28.17976983Z,{"lat":11.112096281743215,"lon":106.61871933022476}
2024-06-27T10:16:29.200177818Z,{"lat":11.112089530729888,"lon":106.61867922069855}
2024-06-27T10:16:30.209928808Z,{"lat":11.112082779336927,"lon":106.61864548596944}
2024-06-27T10:16:31.220406869Z,{"lat":11.112076743113164,"lon":106.61861352330472}
2024-06-27T10:16:32.240481045Z,{"lat":11.11207151911782,"lon":106.61858434523214}
2024-06-27T10:16:33.260172446Z,{"lat":11.112067137619514,"lon":106.61855705545922}
2024-06-27T10:16:34.280562968Z,{"lat":11.112063126793018,"lon":106.61853605327215}
2024-06-27T10:16:35.29008617Z,{"lat":11.112058860145654,"lon":106.6185121333529}
2024-06-27T10:16:36.310250574Z,{"lat":11.112054419895934,"lon":106.61849210413176}
2024-06-27T10:16:37.329913487Z,{"lat":11.112031416050042,"lon":106.61843529678406}
2024-06-27T10:16:38.340047967Z,{"lat":11.11201747793094,"lon":106.61839638322274}
2024-06-27T10:16:39.339950012Z,{"lat":11.11200588662446,"lon":106.61835049445912}
2024-06-27T10:16:40.370503431Z,{"lat":11.111993771566961,"lon":106.61829564389937}
2024-06-27T10:16:41.400257634Z,{"lat":11.111979380406344,"lon":106.6182407002361}
2024-06-27T10:16:42.41511246Z,{"lat":11.111966316036986,"lon":106.6181953468389}
2024-06-27T10:16:43.430137903Z,{"lat":11.111951540502163,"lon":106.6181641873455}
2024-06-27T10:16:44.439954079Z,{"lat":11.111943978408162,"lon":106.61814611657319}
2024-06-27T10:16:45.460138224Z,{"lat":11.11193828525113,"lon":106.61813403446469}
2024-06-27T10:16:46.470306166Z,{"lat":11.111936447946801,"lon":106.61812772785262}
2024-06-27T10:16:47.490108766Z,{"lat":11.111927937351878,"lon":106.61810919999722}
2024-06-27T10:16:48.513629711Z,{"lat":11.111913748141625,"lon":106.61807506905494}
2024-06-27T10:16:49.513264156Z,{"lat":11.111894750621262,"lon":106.61802693333618}
2024-06-27T10:16:50.510205144Z,{"lat":11.111874670261683,"lon":106.61796050761377}
2024-06-27T10:16:51.540638939Z,{"lat":11.111852725778512,"lon":106.6178835451678}
2024-06-27T10:16:52.560242141Z,{"lat":11.111828554880455,"lon":106.61780575193602}
2024-06-27T10:16:53.584577255Z,{"lat":11.111793028166279,"lon":106.61771887146381}
2024-06-27T10:16:54.580505447Z,{"lat":11.111757532586783,"lon":106.61763118384613}
2024-06-27T10:16:55.601926067Z,{"lat":11.111722724823524,"lon":106.61753510885596}
2024-06-27T10:16:56.594118584Z,{"lat":11.111687674285687,"lon":106.61743955488568}
2024-06-27T10:16:57.613779238Z,{"lat":11.111649557606876,"lon":106.61733608387047}
2024-06-27T10:16:58.621053773Z,{"lat":11.11161192280074,"lon":106.61723450142813}
2024-06-27T10:16:59.640227768Z,{"lat":11.111581021924456,"lon":106.6171233088527}
2024-06-27T10:17:00.660681775Z,{"lat":11.1115473055132,"lon":106.61701106848469}
2024-06-27T10:17:01.678259843Z,{"lat":11.111515136775779,"lon":106.61690058719844}
2024-06-27T10:17:02.70025909Z,{"lat":11.111479137733513,"lon":106.61679025711751}
2024-06-27T10:17:03.710178937Z,{"lat":11.11144362124683,"lon":106.61668055804637}
2024-06-27T10:17:04.709278357Z,{"lat":11.111405491929911,"lon":106.61657134344628}
2024-06-27T10:17:05.725412374Z,{"lat":11.111367005743709,"lon":106.61647131133785}
2024-06-27T10:17:06.760667697Z,{"lat":11.11132877088481,"lon":106.6163675524874}
2024-06-27T10:17:07.755467549Z,{"lat":11.111292213805813,"lon":106.61626775903287}
2024-06-27T10:17:08.775249665Z,{"lat":11.111260595851261,"lon":106.61616744406638}
2024-06-27T10:17:09.811090324Z,{"lat":11.111221469013406,"lon":106.61606984342765}
2024-06-27T10:17:10.790348709Z,{"lat":11.111189441145486,"lon":106.61597113054084}
2024-06-27T10:17:11.825985631Z,{"lat":11.111134721226312,"lon":106.6158806092061}
2024-06-27T10:17:12.84035275Z,{"lat":11.11109921407886,"lon":106.61578471779653}
2024-06-27T10:17:13.860433931Z,{"lat":11.111080150086282,"lon":106.61567882016394}
2024-06-27T10:17:14.87029031Z,{"lat":11.111042683404898,"lon":106.61557941073292}
2024-06-27T10:17:15.870865502Z,{"lat":11.110997432194763,"lon":106.61547927666886}
2024-06-27T10:17:16.89146887Z,{"lat":11.110953144567246,"lon":106.6153657472971}
2024-06-27T10:17:17.933950833Z,{"lat":11.110909123417317,"lon":106.6152484201874}
2024-06-27T10:17:18.940423297Z,{"lat":11.110871868184715,"lon":106.6151319459089}
2024-06-27T10:17:19.963516646Z,{"lat":11.110829781769322,"lon":106.61500948410406}
2024-06-27T10:17:20.966044046Z,{"lat":11.1107834956263,"lon":106.61488970109694}
2024-06-27T10:17:22.002361016Z,{"lat":11.110739642501326,"lon":106.61476941089188}
2024-06-27T10:17:23.004723974Z,{"lat":11.110675786094024,"lon":106.61465922038434}
2024-06-27T10:17:24.024891797Z,{"lat":11.110629458516069,"lon":106.61453575379818}
2024-06-27T10:17:25.041888427Z,{"lat":11.110586680543872,"lon":106.6144149357597}
2024-06-27T10:17:26.039509208Z,{"lat":11.110544096654374,"lon":106.61429376061075}
2024-06-27T10:17:27.078285756Z,{"lat":11.11049842378464,"lon":106.61417675705265}
2024-06-27T10:17:28.094981232Z,{"lat":11.110455904363928,"lon":106.6140633297212}
2024-06-27T10:17:29.108489682Z,{"lat":11.110413752578888,"lon":106.61394672916306}
2024-06-27T10:17:30.125131473Z,{"lat":11.11037102931351,"lon":106.61382943782068}
2024-06-27T10:17:31.148634469Z,{"lat":11.110331996729869,"lon":106.61371140801764}
2024-06-27T10:17:32.163124067Z,{"lat":11.110291709011445,"lon":106.61359371481048}
2024-06-27T10:17:33.175073277Z,{"lat":11.110254774586439,"lon":106.61347695058339}
2024-06-27T10:17:34.174936386Z,{"lat":11.110219074533385,"lon":106.61336726068005}
2024-06-27T10:17:35.184732131Z,{"lat":11.110191409694387,"lon":106.61326494752434}
2024-06-27T10:17:36.189561327Z,{"lat":11.110137434183999,"lon":106.61317683541323}
2024-06-27T10:17:37.22458849Z,{"lat":11.110103072872562,"lon":106.61307688260946}
2024-06-27T10:17:38.253021511Z,{"lat":11.110069016241244,"lon":106.6129761663266}
2024-06-27T10:17:39.256102922Z,{"lat":11.110035876328897,"lon":106.61288040024169}
2024-06-27T10:17:40.254759952Z,{"lat":11.109999388329134,"lon":106.61277884860895}
2024-06-27T10:17:41.272707213Z,{"lat":11.109960663558045,"lon":106.61267736549992}
2024-06-27T10:17:42.298094726Z,{"lat":11.10992588155017,"lon":106.61257777069696}
2024-06-27T10:17:43.3090179Z,{"lat":11.109892098503241,"lon":106.61248261277238}
2024-06-27T10:17:44.324672915Z,{"lat":11.109823173489204,"lon":106.61229569441912}
2024-06-27T10:17:45.344755924Z,{"lat":11.109788782542651,"lon":106.61220658087511}
2024-06-27T10:17:46.373120093Z,{"lat":11.109756609487427,"lon":106.61212022644696}
2024-06-27T10:17:47.374901626Z,{"lat":11.109720818576092,"lon":106.61203242866469}
2024-06-27T10:17:48.371197631Z,{"lat":11.109690837359649,"lon":106.61194586186937}
2024-06-27T10:17:49.40014468Z,{"lat":11.109659863429576,"lon":106.61185977694552}
2024-06-27T10:17:50.39022135Z,{"lat":11.109626745301426,"lon":106.61177616517378}
2024-06-27T10:17:51.41173661Z,{"lat":11.109588737693011,"lon":106.61168705801813}
2024-06-27T10:17:52.441468523Z,{"lat":11.10955662681947,"lon":106.61159900299184}
2024-06-27T10:17:53.462944601Z,{"lat":11.109522594215461,"lon":106.61150694417664}
2024-06-27T10:17:54.47474369Z,{"lat":11.109486979407794,"lon":106.61141160557504}
2024-06-27T10:17:55.50661724Z,{"lat":11.109451062318447,"lon":106.61131037226968}
2024-06-27T10:17:56.504782942Z,{"lat":11.109416619455226,"lon":106.61120394459051}
2024-06-27T10:17:57.525095021Z,{"lat":11.109378831734857,"lon":106.61110122165681}
2024-06-27T10:17:58.54840257Z,{"lat":11.109343124552764,"lon":106.61099806726071}
2024-06-27T10:17:59.554632395Z,{"lat":11.109305846497204,"lon":106.61088885896189}
2024-06-27T10:18:00.574657366Z,{"lat":11.109266552082564,"lon":106.61078084666374}
2024-06-27T10:18:01.56960892Z,{"lat":11.109226136287262,"lon":106.61066794077153}
2024-06-27T10:18:02.60479053Z,{"lat":11.109183129500119,"lon":106.61055556102053}
2024-06-27T10:18:03.6210338Z,{"lat":11.109141642298285,"lon":106.6104389204087}
2024-06-27T10:18:04.619786547Z,{"lat":11.109095489932013,"lon":106.61032128792378}
2024-06-27T10:18:05.657926141Z,{"lat":11.109054573787152,"lon":106.61020658919053}
2024-06-27T10:18:06.67105751Z,{"lat":11.109012060303911,"lon":106.6100888687955}
2024-06-27T10:18:07.700738159Z,{"lat":11.108970973961933,"lon":106.60997806531381}
2024-06-27T10:18:08.711131959Z,{"lat":11.108925473374345,"lon":106.60985962843056}
2024-06-27T10:18:09.728006866Z,{"lat":11.108883309069249,"lon":106.60974207946433}
2024-06-27T10:18:10.742946757Z,{"lat":11.108837316148877,"lon":106.60962512260056}
2024-06-27T10:18:11.807121233Z,{"lat":11.108796501616705,"lon":106.60950725128778}
2024-06-27T10:18:12.772864272Z,{"lat":11.108756973245008,"lon":106.60939104185957}
2024-06-27T10:18:13.782846549Z,{"lat":11.108717980057712,"lon":106.60927570762257}
2024-06-27T10:18:14.787736481Z,{"lat":11.108674602044118,"lon":106.60915921180562}
2024-06-27T10:18:15.823310305Z,{"lat":11.108631179675983,"lon":106.60904455087415}
2024-06-27T10:18:16.821947241Z,{"lat":11.108589540529932,"lon":106.60893021920717}
2024-06-27T10:18:17.853273271Z,{"lat":11.10855199294176,"lon":106.6088185590852}
2024-06-27T10:18:18.85302957Z,{"lat":11.10851163238931,"lon":106.60870554263388}
2024-06-27T10:18:19.852654748Z,{"lat":11.108470557573943,"lon":106.60859950064007}
2024-06-27T10:18:20.892562895Z,{"lat":11.108437800091549,"lon":106.60848924240028}
2024-06-27T10:18:21.902732451Z,{"lat":11.108400296807815,"lon":106.60838244474026}
2024-06-27T10:18:22.922987548Z,{"lat":11.108362683748696,"lon":106.60827749421634}
2024-06-27T10:18:23.942994993Z,{"lat":11.108326144903057,"lon":106.60817823480245}
2024-06-27T10:18:24.952610441Z,{"lat":11.108285344313025,"lon":106.60807973472865}
2024-06-27T10:18:25.957917386Z,{"lat":11.108250587289344,"lon":106.60797533787844}
2024-06-27T10:18:26.982438253Z,{"lat":11.108213405389902,"lon":106.60787162323547}
2024-06-27T10:18:28.00272886Z,{"lat":11.108173110105161,"lon":106.6077619517981}
2024-06-27T10:18:29.022911355Z,{"lat":11.108134226110336,"lon":106.60765686658856}
2024-06-27T10:18:30.033286994Z,{"lat":11.108096876033448,"lon":106.60754882020974}
2024-06-27T10:18:31.052888649Z,{"lat":11.108054065082406,"lon":106.60743882902152}
2024-06-27T10:18:32.052747479Z,{"lat":11.108014835536489,"lon":106.6073281188154}
2024-06-27T10:18:33.092705724Z,{"lat":11.107976180550688,"lon":106.60722524042427}
2024-06-27T10:18:34.107691354Z,{"lat":11.107940272241024,"lon":106.60712474679526}
2024-06-27T10:18:35.103233616Z,{"lat":11.10790210665405,"lon":106.60702075030744}
2024-06-27T10:18:36.106422004Z,{"lat":11.107862158759607,"lon":106.60691947984692}
2024-06-27T10:18:37.147824798Z,{"lat":11.107826609701744,"lon":106.60681924857327}
2024-06-27T10:18:38.153075328Z,{"lat":11.107785549371396,"lon":106.60671872614478}
2024-06-27T10:18:39.172861046Z,{"lat":11.107750736324384,"lon":106.60661536853908}
2024-06-27T10:18:40.24673107Z,{"lat":11.107712667877738,"lon":106.60651015205447}
2024-06-27T10:18:41.203111381Z,{"lat":11.107677343206642,"lon":106.60640502427142}
2024-06-27T10:18:42.286715425Z,{"lat":11.107629420677414,"lon":106.60630651458797}
2024-06-27T10:18:43.242988051Z,{"lat":11.107592816323262,"lon":106.60620689817924}
2024-06-27T10:18:44.253179181Z,{"lat":11.107555197324585,"lon":106.6061045204805}
2024-06-27T10:18:45.262757828Z,{"lat":11.107518753191494,"lon":106.60600598775436}
2024-06-27T10:18:46.272628616Z,{"lat":11.107480983043528,"lon":106.60590272227577}
2024-06-27T10:18:47.306911201Z,{"lat":11.10744298155004,"lon":106.60579944628842}
2024-06-27T10:18:48.322889152Z,{"lat":11.10736365669746,"lon":106.6055836460192}
2024-06-27T10:18:49.334103534Z,{"lat":11.10732302138396,"lon":106.60547271277471}
2024-06-27T10:18:50.360925266Z,{"lat":11.107283897680745,"lon":106.60536590621264}
2024-06-27T10:18:51.369848459Z,{"lat":11.107243578373916,"lon":106.60525583569253}
2024-06-27T10:18:52.382504088Z,{"lat":11.107200883615295,"lon":106.6051392802151}
2024-06-27T10:18:53.402803129Z,{"lat":11.107161223309687,"lon":106.60503123628538}
2024-06-27T10:18:54.415425779Z,{"lat":11.107121207893417,"lon":106.60492164190634}
2024-06-27T10:18:55.432604561Z,{"lat":11.107080540222974,"lon":106.60481256324412}
2024-06-27T10:18:56.455616694Z,{"lat":11.107040783974368,"lon":106.60470360462931}
2024-06-27T10:18:57.47545319Z,{"lat":11.107000622039402,"lon":106.60459353415797}
2024-06-27T10:18:58.481563884Z,{"lat":11.106961295466336,"lon":106.6044860058788}
2024-06-27T10:18:59.517050631Z,{"lat":11.106921706525211,"lon":106.60437862780037}
2024-06-27T10:19:00.512201274Z,{"lat":11.106881698393925,"lon":106.60427022264375}
2024-06-27T10:19:01.532284433Z,{"lat":11.106841736755959,"lon":106.60415896940628}
2024-06-27T10:19:02.544112779Z,{"lat":11.106801774719969,"lon":106.60405135071642}
2024-06-27T10:19:03.570938901Z,{"lat":11.106763559123753,"lon":106.60394841742135}
2024-06-27T10:19:04.58154421Z,{"lat":11.106725386306998,"lon":106.60384418888958}
2024-06-27T10:19:05.592954312Z,{"lat":11.10668506956974,"lon":106.60373348976529}
2024-06-27T10:19:07.834032224Z,{"lat":11.106640955142883,"lon":106.60361343350154}
2024-06-27T10:19:08.121904584Z,{"lat":11.106596118401187,"lon":106.60349327923618}
2024-06-27T10:19:08.662116005Z,{"lat":11.106552955375706,"lon":106.6033741718732}
2024-06-27T10:19:09.668607503Z,{"lat":11.106510977652476,"lon":106.60325967873132}
2024-06-27T10:19:10.693505883Z,{"lat":11.106469748649806,"lon":106.6031473447892}
2024-06-27T10:19:11.698480509Z,{"lat":11.106429327427568,"lon":106.60303687100475}
2024-06-27T10:19:12.722605401Z,{"lat":11.10638905272659,"lon":106.60292786941831}
2024-06-27T10:19:13.738496588Z,{"lat":11.106352260589187,"lon":106.6028280928337}
2024-06-27T10:19:14.762260159Z,{"lat":11.10631789895814,"lon":106.60273439840238}
2024-06-27T10:19:15.787213552Z,{"lat":11.106286581406525,"lon":106.60264906382021}
2024-06-27T10:19:16.768388329Z,{"lat":11.106257070491107,"lon":106.60256866129457}
2024-06-27T10:19:17.798430383Z,{"lat":11.106226936588303,"lon":106.60248671393772}
2024-06-27T10:19:18.826589792Z,{"lat":11.106196053006405,"lon":106.60240278540456}
2024-06-27T10:19:19.837483788Z,{"lat":11.106166708909013,"lon":106.60231985184468}
2024-06-27T10:19:20.855867595Z,{"lat":11.106136861911027,"lon":106.60223900952924}
2024-06-27T10:19:21.868474618Z,{"lat":11.106109897074685,"lon":106.60216552335946}
2024-06-27T10:19:22.891658237Z,{"lat":11.106097860746955,"lon":106.6020885863402}
2024-06-27T10:19:23.911479504Z,{"lat":11.106071269160436,"lon":106.60201698940962}
2024-06-27T10:19:24.917099194Z,{"lat":11.106045800382214,"lon":106.60196125808719}
2024-06-27T10:19:25.925988565Z,{"lat":11.106026754136217,"lon":106.6019136766518}
2024-06-27T10:19:26.947036906Z,{"lat":11.106005616906135,"lon":106.6018672119569}
2024-06-27T10:19:27.971521865Z,{"lat":11.105990611315583,"lon":106.60182678416058}
2024-06-27T10:19:28.998049156Z,{"lat":11.10598454361455,"lon":106.60180364875632}
2024-06-27T10:19:29.996682764Z,{"lat":11.10598359786763,"lon":106.60179723426161}
2024-06-27T10:19:31.020408735Z,{"lat":11.10598359786763,"lon":106.60179723426161}
2024-06-27T10:19:32.023725706Z,{"lat":11.105984201859874,"lon":106.60180005639306}
2024-06-27T10:19:33.035453982Z,{"lat":11.105987077042384,"lon":106.6018027690372}
2024-06-27T10:19:34.051917918Z,{"lat":11.105982912486603,"lon":106.60180435502059}
2024-06-27T10:19:35.122184886Z,{"lat":11.105979449627498,"lon":106.601803388021}
